단축코드,표준코드,한글명,그룹코드
0001A0,KR70001A0001,덕양에너젠,ST
000250,KR7000250001,삼천당제약,ST
000440,KR7000440008,중앙에너비스,ST
0004V0,KR70004V0003,엔비알모션,ST
0004Y0,KR70004Y0000,디비금융제14호스팩,ST
0007C0,KR70007C0003,아크릴,ST
0007J0,KR70007J0006,인벤테라,ST
0008Z0,KR70008Z0005,에스엔시스,ST
0009K0,KR70009K0001,에임드바이오,ST
001000,KR7001000009,신라섬유,ST
0010F0,KR70010F0005,보원케미칼,ST
0010V0,KR70010V0005,제이피아이헬스케어,ST
0011A0,KR70011A0009,액스비스,ST
0013V0,KR70013V0002,삼진식품,ST
001540,KR7001540004,안국약품,ST
0015G0,KR70015G0009,그린광학,ST
0015N0,KR70015N0000,아로마티카,ST
0015S0,KR70015S0005,페스카로,ST
001810,KR7001810001,무림SP,ST
001840,KR7001840008,이화공영,ST
002230,KR7002230001,피에스텍,ST
002290,KR7002290005,삼일기업공사,ST
002680,KR7002680007,한탑,ST
002800,KR7002800001,신신제약,ST
003100,KR7003100005,선광,ST
003310,KR7003310000,대주산업,ST
003380,KR7003380003,하림지주,ST
0037T0,KR70037T0008,KB제32호스팩,ST
003800,KR7003800000,에이스침대,ST
0041B0,KR70041B0002,교보18호스팩,ST
0041J0,KR70041J0004,엘에스스팩1호,ST
0041L0,KR70041L0000,하나35호스팩,ST
0044K0,KR70044K0008,삼성스팩10호,ST
004590,KR7004590006,한국가구,ST
004650,KR7004650008,창해에탄올,ST
004780,KR7004780003,대륙제관,ST
005160,KR7005160007,동국산업,ST
005290,KR7005290002,동진쎄미켐,ST
0054V0,KR70054V0002,엔에이치스팩32호,ST
005670,KR7005670005,푸드웰,ST
005710,KR7005710009,대원산업,ST
005860,KR7005860002,한일사료,ST
005990,KR7005990007,매일홀딩스,ST
006050,KR7006050009,국영지앤엠,ST
006140,KR7006140008,피제이전자,ST
006620,KR7006620009,동구바이오제약,ST
006730,KR7006730006,서부T&D,ST
0068Y0,KR70068Y0003,비엔케이제3호스팩,ST
006910,KR7006910004,보성파워텍,ST
006920,KR7006920003,모헨즈,ST
0071M0,KR70071M0002,삼성스팩11호,ST
0072Z0,KR70072Z0006,KB제33호스팩,ST
007330,KR7007330004,푸른저축은행,ST
007370,KR7007370000,진양제약,ST
007390,KR7007390008,네이처셀,ST
007530,KR7007530009,와이엠,ST
007680,KR7007680002,대원,ST
007720,KR7007720006,소노스퀘어,ST
007770,KR7007770001,한일화학,ST
007820,KR7007820004,엠엑스로보틱스,ST
008290,KR7008290009,원풍물산,ST
0082N0,KR70082N0008,카나프테라퓨틱스,ST
008370,KR7008370009,원풍,ST
008470,KR7008470007,부스타,ST
008830,KR7008830002,대동기어,ST
0088D0,KR70088D0004,메리츠제1호스팩,ST
0088M0,KR70088M0003,메쥬,ST
0091W0,KR70091W0006,신영스팩11호,ST
009300,KR7009300005,삼아제약,ST
0093G0,KR70093G0004,미래에셋비전스팩8호,ST
009520,KR7009520008,포스코엠텍,ST
009620,KR7009620006,삼보산업,ST
0096B0,KR70096B0006,삼성스팩12호,ST
0096D0,KR70096D0004,미래에셋비전스팩9호,ST
009730,KR7009730003,이렘,ST
009780,KR7009780008,엠에스씨,ST
0097F0,KR70097F0001,미래에셋비전스팩10호,ST
0098T0,KR70098T0004,교보19호스팩,ST
0099W0,KR70099W0008,미래에셋비전스팩11호,ST
0099X0,KR70099X0007,IBKS제25호스팩,ST
010170,KR7010170009,대한광통신,ST
0101C0,KR70101C0008,하나36호스팩,ST
010240,KR7010240000,흥국,ST
010280,KR7010280006,아이티센엔텍,ST
010470,KR7010470003,오리콤,ST
0105P0,KR70105P0009,유진스팩12호,ST
011040,KR7011040003,경동제약,ST
011080,KR7011080009,형지I&C,ST
011320,KR7011320009,유니크,ST
011370,KR7011370004,서한,ST
011560,KR7011560000,세보엠이씨,ST
0115H0,KR70115H0007,삼성스팩13호,ST
012210,KR7012210001,삼미금속,ST
012340,KR7012340006,뉴인텍,ST
012620,KR7012620001,원일특강,ST
012700,KR7012700001,리드코프,ST
012790,KR7012790002,신일제약,ST
012860,KR7012860003,모베이스전자,ST
013030,KR7013030002,하이록코리아,ST
0130D0,KR70130D0002,신한제17호스팩,ST
0130H0,KR70130H0008,엔에이치스팩33호,ST
013120,KR7013120001,동원개발,ST
0131D0,KR70131D0001,키움히어로제2호스팩,ST
0132G0,KR70132G0007,교보20호스팩,ST
013310,KR7013310008,아진산업,ST
013720,KR7013720008,THE CUBE&,ST
013810,KR7013810007,스페코,ST
013990,KR7013990007,아가방컴퍼니,ST
014100,KR7014100002,메디앙스,ST
014190,KR7014190003,원익큐브,ST
014470,KR7014470009,부방,ST
014570,KR7014570006,고려제약,ST
014620,KR7014620009,성광벤드,ST
014940,KR7014940001,오리엔탈정공,ST
014950,KR7014950000,삼익제약,ST
014970,KR7014970008,삼륭물산,ST
015710,KR7015710007,코콤,ST
015750,KR7015750003,성우하이텍,ST
016100,KR7016100000,리더스코스메틱,ST
016250,KR7016250003,SGC E&C,ST
016600,KR7016600009,큐캐피탈,ST
016670,KR7016670002,디모아,ST
016790,KR7016790008,현대사료,ST
016920,KR7016920001,카스,ST
017000,KR7017000001,신원종합개발,ST
017250,KR7017250002,인터엠,ST
017480,KR7017480005,삼현철강,ST
017510,KR7017510009,세명전기,ST
017650,KR7017650003,대림제지,ST
017890,KR7017890005,한국알콜,ST
018000,KR7018000000,유니슨,ST
018120,KR7018120006,진로발효,ST
018290,KR7018290007,브이티,ST
018310,KR7018310003,삼목에스폼,ST
018620,KR7018620005,우진비앤지,ST
018680,KR7018680009,서울제약,ST
018700,KR7018700005,바른손,ST
019010,KR7019010008,베뉴지,ST
019210,KR7019210004,와이지-원,ST
019540,KR7019540004,일지테크,ST
019550,KR7019550003,SBI인베스트먼트,ST
019570,KR7019570001,플루토스,ST
019660,KR7019660000,글로본,ST
019770,KR7019770007,서연탑메탈,ST
019990,KR7019990001,에너토크,ST
020180,KR7020180006,대신정보통신,ST
020400,KR7020400008,대동금속,ST
020710,KR7020710000,시공테크,ST
021040,KR7021040001,대호특수강,ST
021045,KR7021041009,대호특수강우,ST
021080,KR7021080007,에이티넘인베스트,ST
021320,KR7021320007,KCC건설,ST
021650,KR7021650007,한국큐빅,ST
021880,KR7021880000,메이슨캐피탈,ST
022220,KR7022220008,티케이지애강,ST
023160,KR7023160005,태광,ST
023410,KR7023410004,유진기업,ST
023440,KR7023440001,제이스코홀딩스,ST
023600,KR7023600000,삼보판지,ST
023760,KR7023760002,한국캐피탈,ST
023770,KR7023770001,플레이위드,ST
023790,KR7023790009,동일스틸럭스,ST
023900,KR7023900004,풍국주정,ST
023910,KR7023910003,대한약품,ST
024060,KR7024060006,흥구석유,ST
024120,KR7024120008,KB오토시스,ST
024740,KR7024740003,한일단조,ST
024800,KR7024800005,유성티엔에스,ST
024830,KR7024830002,세원물산,ST
024840,KR7024840001,KBI메탈,ST
024850,KR7024850000,HLB이노베이션,ST
024880,KR7024880007,케이피에프,ST
024910,KR7024910002,경창산업,ST
024940,KR7024940009,PN풍년,ST
024950,KR7024950008,삼천리자전거,ST
025320,KR7025320003,시노펙스,ST
025440,KR7025440009,DH오토웨어,ST
025550,KR7025550005,한국선재,ST
025770,KR7025770009,한국정보통신,ST
025870,KR7025870007,신라에스지,ST
025880,KR7025880006,케이씨피드,ST
025900,KR7025900002,동화기업,ST
025950,KR7025950007,동신건설,ST
025980,KR7025980004,아난티,ST
026040,KR7026040006,제이에스티나,ST
026150,KR7026150003,특수건설,ST
026910,KR7026910000,광진실업,ST
027040,KR7027040005,서울전자통신,ST
027050,KR7027050004,코리아나,ST
027360,KR7027360007,아주IB투자,ST
027580,KR7027580000,상보,ST
027710,KR7027710003,팜스토리,ST
027830,KR7027830009,대성창투,ST
028080,KR7028080000,휴맥스홀딩스,ST
028300,KR7028300002,HLB,ST
029480,KR7029480001,광무,ST
030350,KR7030350003,드래곤플라이,ST
030520,KR7030520001,한글과컴퓨터,ST
030530,KR7030530000,원익홀딩스,ST
030960,KR7030960009,양지사,ST
031310,KR7031310006,아이즈비전,ST
031330,KR7031330004,에스에이엠티,ST
031510,KR7031510001,오스템,ST
031860,KR7031860000,디에이치엑스컴퍼니,ST
031980,KR7031980006,피에스케이홀딩스,ST
032080,KR7032080004,아즈텍WB,ST
032190,KR7032190001,다우데이타,ST
032280,KR7032280000,삼일,ST
032300,KR7032300006,한국파마,ST
032500,KR7032500001,케이엠더블유,ST
032540,KR7032540007,TJ미디어,ST
032580,KR7032580003,피델릭스,ST
032620,KR7032620007,GC메디아이,ST
032680,KR7032680001,소프트센,ST
032685,KR7032681009,소프트센우,ST
032750,KR7032750002,삼진,ST
032790,KR7032790008,엠젠솔루션,ST
032800,KR7032800005,판타지오,ST
032820,KR7032820003,우리기술,ST
032850,KR7032850000,비트컴퓨터,ST
032860,KR7032860009,더라미,ST
032940,KR7032940009,원익,ST
032960,KR7032960007,동일기연,ST
032980,KR7032980005,바이온,ST
033050,KR7033050006,제이엠아이,ST
033100,KR7033100009,제룡전기,ST
033130,KR7033130006,디지틀조선,ST
033160,KR7033160003,엠케이전자,ST
033170,KR7033170002,시그네틱스,ST
033200,KR7033200007,모아텍,ST
033230,KR7033230004,인성정보,ST
033290,KR7033290008,로젠,ST
033310,KR7033310004,엠투엔,ST
033320,KR7033320003,제이씨현시스템,ST
033340,KR7033340001,좋은사람들,ST
033500,KR7033500000,동성화인텍,ST
033540,KR7033540006,파라텍,ST
033560,KR7033560004,블루콤,ST
033640,KR7033640004,네패스,ST
033790,KR7033790007,피노,ST
033830,KR7033830001,티비씨,ST
034810,KR7034810002,해성산업,ST
03481K,KR703481K019,해성산업1우,ST
034940,KR7034940007,조아제약,ST
034950,KR7034950006,한국기업평가,ST
035080,KR7035080001,그래디언트,ST
035200,KR7035200005,프럼파스트,ST
035290,KR7035290006,골드앤에스,ST
035460,KR7035460005,기산텔레콤,ST
035600,KR7035600006,KG이니시스,ST
035610,KR7035610005,솔본,ST
035620,KR7035620004,바른손이앤에이,ST
035760,KR7035760008,CJ ENM,ST
035810,KR7035810001,이지홀딩스,ST
035890,KR7035890003,서희건설,ST
035900,KR7035900000,JYP Ent.,ST
036000,KR7036000008,예림당,ST
036010,KR7036010007,아비코전자,ST
036030,KR7036030005,케이티알파,ST
036090,KR7036090009,위지트,ST
036120,KR7036120004,서울평가정보,ST
036170,KR7036170009,에이치엠넥스,ST
036190,KR7036190007,금화피에스시,ST
036200,KR7036200004,유니셈,ST
036220,KR7036220002,오상헬스케어,ST
036480,KR7036480002,대성미생물,ST
036540,KR7036540003,SFA반도체,ST
036560,KR7036560001,KZ정밀,ST
036620,KR7036620003,감성코퍼레이션,ST
036630,KR7036630002,세종텔레콤,ST
036640,KR7036640001,HRS,ST
036670,KR7036670008,삼양케이씨아이,ST
036690,KR7036690006,코맥스,ST
036710,KR7036710002,심텍홀딩스,ST
036800,KR7036800001,나이스정보통신,ST
036810,KR7036810000,에프에스티,ST
036830,KR7036830008,솔브레인홀딩스,ST
036890,KR7036890002,진성티이씨,ST
036930,KR7036930006,주성엔지니어링,ST
037030,KR7037030004,파워넷,ST
037070,KR7037070000,파세코,ST
037230,KR7037230000,한국팩키지,ST
037330,KR7037330008,인지디스플레,ST
037350,KR7037350006,성도이엔지,ST
037370,KR7037370004,EG,ST
037400,KR7037400009,우리엔터프라이즈,ST
037440,KR7037440005,희림,ST
037460,KR7037460003,삼지전자,ST
037760,KR7037760006,쎄니트,ST
037950,KR7037950003,엘컴텍,ST
038010,KR7038010005,제일테크노스,ST
038060,KR7038060000,루멘스,ST
038070,KR7038070009,서린바이오,ST
038110,KR7038110003,에코플라스틱,ST
038290,KR7038290003,마크로젠,ST
038390,KR7038390001,레드캡투어,ST
038460,KR7038460002,바이오스마트,ST
038500,KR7038500005,삼표시멘트,ST
038530,KR7038530002,케이바이오랩스,ST
038540,KR7038540001,상상인,ST
038620,KR7038620001,위즈코프,ST
038680,KR7038680005,에스넷,ST
038870,KR7038870002,에코심플렉스,ST
038880,KR7038880001,아이에이,ST
038950,KR7038950002,파인디지털,ST
039010,KR7039010004,현대에이치티,ST
039020,KR7039020003,이건홀딩스,ST
039030,KR7039030002,이오테크닉스,ST
039200,KR7039200001,오스코텍,ST
039240,KR7039240007,경남스틸,ST
039290,KR7039290002,인포뱅크,ST
039310,KR7039310008,세중,ST
039340,KR7039340005,한국경제TV,ST
039420,KR7039420005,케이엘넷,ST
039440,KR7039440003,에스티아이,ST
039560,KR7039560008,다산네트웍스,ST
039610,KR7039610001,화성밸브,ST
039740,KR7039740006,한국정보공학,ST
039830,KR7039830005,오로라,ST
039840,KR7039840004,디오,ST
039860,KR7039860002,나노엔텍,ST
039980,KR7039980008,폴라리스AI,ST
040160,KR7040160004,누리플렉스,ST
040300,KR7040300006,YTN,ST
040350,KR7040350001,크레오에스지,ST
040420,KR7040420002,정상제이엘에스,ST
040610,KR7040610008,SG&G,ST
040910,KR7040910002,아이씨디,ST
041020,KR7041020009,폴라리스오피스,ST
041190,KR7041190000,우리기술투자,ST
041440,KR7041440009,현대에버다임,ST
041460,KR7041460007,한국전자인증,ST
041510,KR7041510009,에스엠,ST
041520,KR7041520008,이엘씨,ST
041590,KR7041590001,플래스크,ST
041830,KR7041830001,인바디,ST
041910,KR7041910001,폴라리스AI파마,ST
041920,KR7041920000,메디아나,ST
041930,KR7041930009,동아화성,ST
041960,KR7041960006,코미팜,ST
042000,KR7042000000,카페24,ST
042040,KR7042040006,케이피엠테크,ST
042110,KR7042110007,에스씨디,ST
042370,KR7042370007,비츠로테크,ST
042420,KR7042420000,네오위즈홀딩스,ST
042500,KR7042500009,링네트,ST
042510,KR7042510008,라온시큐어,ST
042520,KR7042520007,한스바이오메드,ST
042600,KR7042600007,새로닉스,ST
042940,KR7042940007,상지건설,ST
043090,KR7043090000,더테크놀로지,ST
043100,KR7043100007,알파AI,ST
043150,KR7043150002,바텍,ST
043200,KR7043200005,파루,ST
043220,KR7043220003,티에스넥스젠,ST
043260,KR7043260009,성호전자,ST
043340,KR7043340009,에쎈테크,ST
043360,KR7043360007,디지아이,ST
043370,KR7043370006,피에이치에이,ST
043590,KR7043590009,웰킵스하이텍,ST
043610,KR7043610005,KT지니뮤직,ST
043650,KR7043650001,국순당,ST
043710,KR7043710003,서울리거,ST
043910,KR7043910009,자연과환경,ST
044180,KR7044180008,KD,ST
044340,KR7044340008,위닉스,ST
044480,KR7044480002,빌리언스,ST
044490,KR7044490001,태웅,ST
044780,KR7044780005,에이치케이,ST
044960,KR7044960003,이글벳,ST
044990,KR7044990000,에이치엔에스하이텍,ST
045060,KR7045060001,오공,ST
045100,KR7045100005,한양이엔지,ST
045300,KR7045300001,성우테크론,ST
045340,KR7045340007,토탈소프트,ST
045390,KR7045390002,대아티아이,ST
045510,KR7045510005,정원엔시스,ST
045520,KR7045520004,크린앤사이언스,ST
045660,KR7045660008,에이텍,ST
045970,KR7045970001,코아시아,ST
046070,KR7046070009,코다코,ST
046120,KR7046120002,오르비텍,ST
046210,KR7046210001,HLB파나진,ST
046310,KR7046310009,백금T&A,ST
046390,KR7046390001,삼화네트웍스,ST
046440,KR7046440004,KG파이낸셜,ST
046890,KR7046890000,서울반도체,ST
046940,KR7046940003,우원개발,ST
046970,KR7046970000,우리로,ST
047080,KR7047080007,한빛소프트,ST
047310,KR7047310008,파워로직스,ST
047560,KR7047560008,이스트소프트,ST
047770,KR7047770003,코데즈컴바인,ST
047820,KR7047820006,초록뱀미디어,ST
047920,KR7047920004,HLB제약,ST
048410,KR7048410005,현대바이오,ST
048430,KR7048430003,유라테크,ST
048470,KR7048470009,대동스틸,ST
048530,KR7048530000,인트론바이오,ST
048550,KR7048550008,SM C&C,ST
048770,KR7048770002,TPC로보틱스,ST
048830,KR7048830004,엔피케이,ST
048870,KR7048870000,시너지이노베이션,ST
048910,KR7048910004,대원미디어,ST
049070,KR7049070006,인탑스,ST
049080,KR7049080005,기가레인,ST
049120,KR7049120009,파인디앤씨,ST
049180,KR7049180003,셀루메드,ST
049430,KR7049430002,코메론,ST
049470,KR7049470008,비트플래닛,ST
049480,KR7049480007,오픈베이스,ST
049520,KR7049520000,유아이엘,ST
049550,KR7049550007,잉크테크,ST
049630,KR7049630007,재영솔루텍,ST
049720,KR7049720006,고려신용정보,ST
049830,KR7049830003,승일,ST
049950,KR7049950009,미래컴퍼니,ST
049960,KR7049960008,쎌바이오텍,ST
050090,KR7050090000,비케이홀딩스,ST
050110,KR7050110006,캠시스,ST
050120,KR7050120005,ES큐브,ST
050760,KR7050760008,에스폴리텍,ST
050860,KR7050860006,아세아텍,ST
050890,KR7050890003,쏠리드,ST
050960,KR7050960004,수산아이앤티,ST
051160,KR7051160000,지어소프트,ST
051360,KR7051360006,토비스,ST
051370,KR7051370005,인터플렉스,ST
051380,KR7051380004,피씨디렉트,ST
051390,KR7051390003,YW,ST
051490,KR7051490001,나라엠앤디,ST
051500,KR7051500007,CJ프레시웨이,ST
051780,KR7051780005,큐로홀딩스,ST
051980,KR7051980001,중앙첨단소재,ST
052020,KR7052020005,에스티큐브,ST
052220,KR7052220001,iMBC,ST
052260,KR7052260007,현대바이오랜드,ST
052300,KR7052300001,오션인더블유,ST
052330,KR7052330008,코텍,ST
052400,KR7052400009,코나아이,ST
052420,KR7052420007,오성첨단소재,ST
052460,KR7052460003,아이크래프트,ST
052600,KR7052600004,한네트,ST
052710,KR7052710001,아모텍,ST
052770,KR7052770005,아이톡시,ST
052790,KR7052790003,액토즈소프트,ST
052860,KR7052860004,아이앤씨,ST
052900,KR7052900008,KX하이텍,ST
053030,KR7053030003,바이넥스,ST
053050,KR7053050001,지에스이,ST
053060,KR7053060000,세동,ST
053080,KR7053080008,케이엔솔,ST
053160,KR7053160008,프리엠스,ST
053260,KR7053260006,금강철강,ST
053270,KR7053270005,구영테크,ST
053280,KR7053280004,예스24,ST
053290,KR7053290003,NE능률,ST
053300,KR7053300000,한국정보인증,ST
053350,KR7053350005,이니텍,ST
053450,KR7053450003,세코닉스,ST
053580,KR7053580007,웹케시,ST
053610,KR7053610002,프로텍,ST
053620,KR7053620001,태양,ST
053700,KR7053700001,삼보모터스,ST
053800,KR7053800009,안랩,ST
053950,KR7053950002,경남제약,ST
053980,KR7053980009,오상자이엘,ST
054040,KR7054040001,한국컴퓨터,ST
054050,KR7054050000,농우바이오,ST
054090,KR7054090006,삼진엘앤디,ST
054180,KR7054180005,메디콕스,ST
054210,KR7054210000,이랜텍,ST
054220,KR7054220009,비츠로시스,ST
054300,KR7054300009,팬스타엔터프라이즈,ST
054410,KR7054410006,케이피티유,ST
054450,KR7054450002,텔레칩스,ST
054540,KR7054540000,삼영엠텍,ST
054620,KR7054620000,APS,ST
054670,KR7054670005,대한뉴팜,ST
054780,KR7054780002,키이스트,ST
054800,KR7054800008,아이디스홀딩스,ST
054920,KR7054920004,한컴위드,ST
054930,KR7054930003,유신,ST
054940,KR7054940002,엑사이엔씨,ST
054950,KR7054950001,제이브이엠,ST
056080,KR7056080005,유진로봇,ST
056090,KR7056090004,시지메드텍,ST
056190,KR7056190002,에스에프에이,ST
056360,KR7056360001,코위버,ST
056700,KR7056700008,신화인터텍,ST
056730,KR7056730005,CNT85,ST
057030,KR7057030009,YBM넷,ST
057540,KR7057540007,옴니시스템,ST
057680,KR7057680001,티사이언티픽,ST
058110,KR7058110008,멕아이씨에스,ST
058400,KR7058400003,KNN,ST
058450,KR7058450008,한주에이알티,ST
058470,KR7058470006,리노공업,ST
058610,KR7058610007,에스피지,ST
058630,KR7058630005,엠게임,ST
058820,KR7058820002,CMG제약,ST
058970,KR7058970005,엠로,ST
059090,KR7059090001,미코,ST
059100,KR7059100008,아이컴포넌트,ST
059120,KR7059120006,아진엑스텍,ST
059210,KR7059210005,메타바이오메드,ST
059270,KR7059270009,해성에어로보틱스,ST
060150,KR7060150000,인선이엔티,ST
060230,KR7060230000,제이케이시냅스,ST
060240,KR7060240009,스타코링크,ST
060250,KR7060250008,NHN KCP,ST
060260,KR7060260007,뉴보텍,ST
060280,KR7060280005,큐렉소,ST
060310,KR7060310000,3S,ST
060370,KR7060370004,LS마린솔루션,ST
060380,KR7060380003,동양에스텍,ST
060480,KR7060480001,국일신동,ST
060540,KR7060540002,에스에이티,ST
060560,KR7060560000,HC홈센타,ST
060570,KR7060570009,드림어스컴퍼니,ST
060590,KR7060590007,씨티씨바이오,ST
060720,KR7060720000,KH바텍,ST
060850,KR7060850005,영림원소프트랩,ST
060900,KR7060900008,에이전트AI,ST
061040,KR7061040002,알에프텍,ST
061090,KR7061090007,세나테크놀로지,ST
061250,KR7061250007,화일약품,ST
061970,KR7061970000,LB세미콘,ST
062970,KR7062970009,한국첨단소재,ST
063080,KR7063080006,컴투스홀딩스,ST
063170,KR7063170005,서울옥션,ST
063440,KR7063440002,SM Life Design,ST
063570,KR7063570006,NICE인프라,ST
063760,KR7063760003,이엘피,ST
064090,KR7064090004,인크레더블버즈,ST
064240,KR7064240005,홈캐스트,ST
064260,KR7064260003,다날,ST
064290,KR7064290000,인텍플러스,ST
064480,KR7064480007,브리지텍,ST
064520,KR7064520000,테크엘,ST
064550,KR7064550007,바이오니아,ST
064760,KR7064760002,티씨케이,ST
064800,KR7064800006,포니링크,ST
064820,KR7064820004,케이프,ST
064850,KR7064850001,에프앤가이드,ST
065060,KR7065060006,지엔코,ST
065130,KR7065130007,탑엔지니어링,ST
065150,KR7065150005,대산F&B,ST
065170,KR7065170003,비엘팜텍,ST
065350,KR7065350001,신성델타테크,ST
065370,KR7065370009,위세아이텍,ST
065420,KR7065420002,에스아이리소스,ST
065440,KR7065440000,이루온,ST
065450,KR7065450009,빅텍,ST
065500,KR7065500001,오리엔트정공,ST
065510,KR7065510000,휴비츠,ST
065530,KR7065530008,와이어블,ST
065570,KR7065570004,삼영이엔씨,ST
065650,KR7065650004,하이퍼코퍼레이션,ST
065660,KR7065660003,안트로젠,ST
065680,KR7065680001,우주일렉트로,ST
065690,KR7065690000,파커스,ST
065710,KR7065710006,서호전기,ST
065770,KR7065770000,CS,ST
065950,KR7065950008,웰크론,ST
066130,KR7066130006,하츠,ST
066310,KR7066310004,큐에스아이,ST
066360,KR7066360009,체리부로,ST
066410,KR7066410002,버킷스튜디오,ST
066430,KR7066430000,아이로보틱스,ST
066590,KR7066590001,스모트로닉,ST
066620,KR7066620006,국보디자인,ST
066670,KR7066670001,디티씨,ST
066700,KR7066700006,테라젠이텍스,ST
066790,KR7066790007,씨씨에스,ST
066900,KR7066900002,디에이피,ST
066910,KR7066910001,손오공,ST
066980,KR7066980004,한성크린텍,ST
067000,KR7067000000,조이시티,ST
067010,KR7067010009,이씨에스,ST
067080,KR7067080002,대화제약,ST
067160,KR7067160002,SOOP,ST
067170,KR7067170001,오텍,ST
067280,KR7067280008,멀티캠퍼스,ST
067290,KR7067290007,JW신약,ST
067310,KR7067310003,하나마이크론,ST
067370,KR7067370007,선바이오,ST
067390,KR7067390005,아스트,ST
067570,KR7067570002,엔브이에이치코리아,ST
067630,KR7067630004,HLB생명과학,ST
067730,KR7067730002,로지시스,ST
067770,KR7067770008,세진티에스,ST
067900,KR7067900001,와이엔텍,ST
067920,KR7067920009,이글루,ST
067990,KR7067990002,도이치모터스,ST
068050,KR7068050004,팬엔터테인먼트,ST
068100,KR7068100007,케이웨더,ST
068240,KR7068240001,다원시스,ST
068330,KR7068330000,일신바이오,ST
068760,KR7068760008,셀트리온제약,ST
068790,KR7068790005,DMS,ST
068930,KR7068930007,디지털대성,ST
068940,KR7068940006,셀피글로벌,ST
069080,KR7069080000,웹젠,ST
069140,KR7069140002,누리플랜,ST
069330,KR7069330009,유아이디,ST
069410,KR7069410009,엔텔스,ST
069510,KR7069510006,에스텍,ST
069540,KR7069540003,빛과전자,ST
069920,KR7069920007,엑시온그룹,ST
070300,KR7070300009,엑스큐어,ST
070590,KR7070590005,인티큐브,ST
071200,KR7071200000,인피니트헬스케어,ST
071280,KR7071280002,로체시스템즈,ST
071670,KR7071670004,에이테크솔루션,ST
071850,KR7071850002,캐스텍코리아,ST
072020,KR7072020001,중앙백신,ST
072470,KR7072470008,우리산업홀딩스,ST
072770,KR7072770001,멤레이비티,ST
072870,KR7072870009,메가스터디,ST
072950,KR7072950009,빛샘전자,ST
072990,KR7072990005,에이치시티,ST
073010,KR7073010001,케이에스피,ST
073110,KR7073110009,엘엠에스,ST
073190,KR7073190001,듀오백,ST
073490,KR7073490005,LIG아큐버,ST
073540,KR7073540007,에프알텍,ST
073560,KR7073560005,우리손에프앤지,ST
073570,KR7073570004,리튬포어스,ST
073640,KR7073640005,테라사이언스,ST
074430,KR7074430000,아미노로직스,ST
074600,KR7074600008,원익QnC,ST
075130,KR7075130005,플랜티넷,ST
075970,KR7075970004,동국알앤에스,ST
076080,KR7076080001,웰크론한텍,ST
076610,KR7076610005,해성옵틱스,ST
077360,KR7077360006,덕산하이메탈,ST
078020,KR7078020005,LS증권,ST
078070,KR7078070000,유비쿼스홀딩스,ST
078130,KR7078130002,국일제지,ST
078140,KR7078140001,대봉엘에스,ST
078150,KR7078150000,HB테크놀러지,ST
078160,KR7078160009,메디포스트,ST
078340,KR7078340007,컴투스,ST
078350,KR7078350006,한양디지텍,ST
078590,KR7078590007,휴림에이텍,ST
078600,KR7078600004,대주전자재료,ST
078860,KR7078860004,스테이지원엔터,ST
078890,KR7078890001,가온그룹,ST
079000,KR7079000006,와토스코리아,ST
079170,KR7079170007,한창산업,ST
079190,KR7079190005,케스피온,ST
079370,KR7079370003,제우스,ST
079650,KR7079650008,서산,ST
079810,KR7079810008,APS이노베이션,ST
079940,KR7079940003,가비아,ST
079950,KR7079950002,인베니아,ST
079960,KR7079960001,동양이엔피,ST
079970,KR7079970000,투비소프트,ST
080010,KR7080010002,이상네트웍스,ST
080160,KR7080160005,모두투어,ST
080220,KR7080220007,제주반도체,ST
080420,KR7080420003,모다이노칩,ST
080470,KR7080470008,성창오토텍,ST
080520,KR7080520000,오디텍,ST
080530,KR7080530009,코디,ST
080580,KR7080580004,오킨스전자,ST
080720,KR7080720006,한국유니온제약,ST
081150,KR7081150005,티플랙스,ST
081180,KR7081180002,쎄크,ST
081580,KR7081580003,성우전자,ST
082210,KR7082210006,옵트론텍,ST
082270,KR7082270000,젬백스,ST
082660,KR7082660002,코스나인,ST
082800,KR7082800004,비보존 제약,ST
082850,KR7082850009,우리바이오,ST
082920,KR7082920000,비츠로셀,ST
083310,KR7083310003,엘오티베큠,ST
083450,KR7083450007,GST,ST
083470,KR7083470005,이엠앤아이,ST
083500,KR7083500009,에프엔에스테크,ST
083550,KR7083550004,케이엠,ST
083640,KR7083640003,인콘,ST
083650,KR7083650002,비에이치아이,ST
083660,KR7083660001,CSA 코스믹,ST
083790,KR7083790006,CG인바이츠,ST
083930,KR7083930008,아바코,ST
084110,KR7084110006,휴온스글로벌,ST
084180,KR7084180009,수성웹툰,ST
084370,KR7084370006,유진테크,ST
084440,KR7084440007,유비온,ST
084650,KR7084650001,랩지노믹스,ST
084730,KR7084730001,팅크웨어,ST
084850,KR7084850007,아이티엠반도체,ST
084990,KR7084990001,헬릭스미스,ST
085660,KR7085660009,차바이오텍,ST
085670,KR7085670008,뉴프렉스,ST
085810,KR7085810000,알티캐스트,ST
085910,KR7085910008,네오티스,ST
086040,KR7086040003,바이오톡스텍,ST
086060,KR7086060001,진바이오텍,ST
086390,KR7086390002,유니테스트,ST
086450,KR7086450004,동국제약,ST
086520,KR7086520004,에코프로,ST
086670,KR7086670007,비엠티,ST
086710,KR7086710001,선진뷰티사이언스,ST
086820,KR7086820008,바이오솔루션,ST
086890,KR7086890001,이수앱지스,ST
086900,KR7086900008,메디톡스,ST
086960,KR7086960002,MDS테크,ST
086980,KR7086980000,쇼박스,ST
087010,KR7087010005,펩트론,ST
087260,KR7087260006,모바일어플라이언스,ST
087600,KR7087600003,픽셀플러스,ST
088130,KR7088130000,동아엘텍,ST
088280,KR7088280003,쏘닉스,ST
088290,KR7088290002,이원컴포텍,ST
088340,KR7088340005,유라클,ST
088390,KR7088390000,이녹스,ST
088800,KR7088800008,에이스테크,ST
088910,KR7088910005,동우팜투테이블,ST
089010,KR7089010003,켐트로닉스,ST
089030,KR7089030001,테크윙,ST
089140,KR7089140008,넥스턴앤롤코리아,ST
089150,KR7089150007,케이씨티,ST
089230,KR7089230007,THE E&M,ST
089600,KR7089600001,KT나스미디어,ST
089790,KR7089790000,제이티,ST
089850,KR7089850002,유비벨록스,ST
089890,KR7089890008,코세스,ST
089970,KR7089970008,브이엠,ST
089980,KR7089980007,상아프론테크,ST
090150,KR7090150004,아이윈,ST
090360,KR7090360009,로보스타,ST
090410,KR7090410002,덕신이피씨,ST
090470,KR7090470006,제이스로보틱스,ST
090710,KR7090710005,휴림로봇,ST
090850,KR7090850009,현대이지웰,ST
091120,KR7091120006,이엠텍,ST
091340,KR7091340000,S&K폴리텍,ST
091440,KR7091440008,한울소재과학,ST
091580,KR7091580001,상신이디피,ST
091590,KR7091590000,남화토건,ST
091700,KR7091700005,파트론,ST
091970,KR7091970004,나노캠텍,ST
092040,KR7092040005,아미코젠,ST
092070,KR7092070002,디엔에프,ST
092130,KR7092130004,이크레더블,ST
092190,KR7092190008,서울바이오시스,ST
092300,KR7092300003,현우산업,ST
092460,KR7092460005,한라IMS,ST
092600,KR7092600006,앤씨앤,ST
092730,KR7092730001,네오팜,ST
092870,KR7092870005,엑시콘,ST
093190,KR7093190007,빅솔론,ST
093320,KR7093320000,케이아이엔엑스,ST
093380,KR7093380004,풍강,ST
093520,KR7093520005,매커스,ST
093640,KR7093640001,케이알엠,ST
093920,KR7093920007,서원인텍,ST
094170,KR7094170008,동운아나텍,ST
094360,KR7094360005,칩스앤미디어,ST
094480,KR7094480001,갤럭시아머니트리,ST
094820,KR7094820008,일진파워,ST
094840,KR7094840006,슈프리마에이치큐,ST
094850,KR7094850005,참좋은여행,ST
094860,KR7094860004,네오리진,ST
094940,KR7094940004,푸른기술,ST
094970,KR7094970001,제이엠티,ST
095190,KR7095190005,신화프리텍,ST
095270,KR7095270005,웨이브일렉트로,ST
095340,KR7095340006,ISC,ST
095500,KR7095500005,미래나노텍,ST
095610,KR7095610002,테스,ST
095660,KR7095660007,네오위즈,ST
095700,KR7095700001,제넥신,ST
095910,KR7095910006,에스에너지,ST
096240,KR7096240007,크레버스,ST
096250,KR7096250006,와이즈넛,ST
096350,KR7096350004,대창솔루션,ST
096530,KR7096530001,씨젠,ST
096610,KR7096610001,알에프세미,ST
096630,KR7096630009,에스코넥,ST
096690,KR7096690003,에이루트,ST
096870,KR7096870001,엘디티,ST
097780,KR7097780001,에코볼트,ST
097800,KR7097800007,윈팩,ST
097870,KR7097870000,효성오앤비,ST
098070,KR7098070006,한텍,ST
098120,KR7098120009,마이크로컨텍솔,ST
098460,KR7098460009,고영,ST
098660,KR7098660004,에스티오,ST
099190,KR7099190001,아이센스,ST
099220,KR7099220006,SDN,ST
099320,KR7099320004,쎄트렉아이,ST
099390,KR7099390007,브레인즈컴퍼니,ST
099410,KR7099410003,동방선기,ST
099430,KR7099430001,바이오플러스,ST
099440,KR7099440000,스맥,ST
099520,KR7099520009,DGI,ST
099750,KR7099750002,이지케어텍,ST
100030,KR7100030006,인지소프트,ST
100120,KR7100120005,뷰웍스,ST
100130,KR7100130004,동국S&C,ST
100590,KR7100590009,머큐리,ST
100660,KR7100660000,서암기계공업,ST
100700,KR7100700004,세운메디칼,ST
100790,KR7100790005,미래에셋벤처투자,ST
101000,KR7101000008,KS인더스트리,ST
101160,KR7101160000,월덱스,ST
101170,KR7101170009,우림피티에스,ST
101240,KR7101240000,씨큐브,ST
101330,KR7101330009,모베이스,ST
101360,KR7101360006,에코앤드림,ST
101390,KR7101390003,아이엠,ST
101400,KR7101400000,엔시트론,ST
101490,KR7101490001,에스앤에스텍,ST
101670,KR7101670008,하이드로리튬,ST
101680,KR7101680007,한국정밀기계,ST
101730,KR7101730000,위메이드맥스,ST
101930,KR7101930006,인화정공,ST
101970,KR7101970002,우양에이치씨,ST
102120,KR7102120003,어보브반도체,ST
102370,KR7102370004,케이옥션,ST
102710,KR7102710001,이엔에프테크놀로지,ST
102940,KR7102940004,코오롱생명과학,ST
103230,KR7103230009,에스앤더블류,ST
103840,KR7103840005,우양,ST
104040,KR7104040001,디에스엠,ST
104200,KR7104200001,NHN벅스,ST
104460,KR7104460001,디와이피엔에프,ST
104480,KR7104480009,티케이케미칼,ST
104540,KR7104540000,코렌텍,ST
104620,KR7104620000,노랑풍선,ST
104830,KR7104830005,원익머트리얼즈,ST
105330,KR7105330005,케이엔더블유,ST
105550,KR7105550008,엣지파운드리,ST
105740,KR7105740005,디케이락,ST
105760,KR7105760003,포스뱅크,ST
106080,KR7106080005,케이이엠텍,ST
106190,KR7106190002,하이텍팜,ST
106240,KR7106240005,파인테크닉스,ST
106520,KR7106520000,노블엠앤비,ST
107600,KR7107600009,새빗켐,ST
107640,KR7107640005,한중엔시에스,ST
108230,KR7108230004,톱텍,ST
108380,KR7108380007,대양전기공업,ST
108490,KR7108490004,로보티즈,ST
108860,KR7108860008,셀바스AI,ST
109080,KR7109080002,옵티시스,ST
109610,KR7109610006,에스와이,ST
109670,KR7109670000,씨싸이트,ST
109740,KR7109740001,디에스케이,ST
109820,KR7109820001,진매트릭스,ST
109860,KR7109860007,동일금속,ST
109960,KR7109960005,앱토크롬,ST
110020,KR7110020005,전진바이오팜,ST
110790,KR7110790003,크리스에프앤씨,ST
110990,KR7110990009,디아이티,ST
111710,KR7111710000,남화산업,ST
112040,KR7112040001,위메이드,ST
112290,KR7112290002,와이씨켐,ST
113810,KR7113810006,디젠스,ST
114190,KR7114190002,강원에너지,ST
114450,KR7114450000,그린생명과학,ST
114630,KR7114630007,폴라리스우노,ST
114810,KR7114810005,한솔아이원스,ST
114840,KR7114840002,아이패밀리에스씨,ST
115160,KR7115160004,휴맥스,ST
115180,KR7115180002,큐리언트,ST
115310,KR7115310005,인포바인,ST
115440,KR7115440000,우리넷,ST
115450,KR7115450009,HLB테라퓨틱스,ST
115480,KR7115480006,씨유메디칼,ST
115500,KR7115500001,케이씨에스,ST
115530,KR7115530008,씨엔플러스,ST
115570,KR7115570004,스타플렉스,ST
115610,KR7115610008,이미지스,ST
117670,KR7117670000,알파칩스,ST
117730,KR7117730002,티로보틱스,ST
118990,KR7118990001,모트렉스,ST
119500,KR7119500007,포메탈,ST
119610,KR7119610004,인터로조,ST
119830,KR7119830008,아이텍,ST
119850,KR7119850006,지엔씨에너지,ST
120240,KR7120240007,대정화금,ST
121440,KR7121440002,골프존홀딩스,ST
121600,KR7121600001,나노신소재,ST
121800,KR7121800007,비덴트,ST
121850,KR7121850002,코이즈,ST
121890,KR7121890008,에스디시스템,ST
122310,KR7122310006,제노레이,ST
122350,KR7122350002,삼기,ST
122450,KR7122450000,KX,ST
122640,KR7122640006,예스티,ST
122690,KR7122690001,서진오토모티브,ST
122870,KR7122870009,와이지엔터테인먼트,ST
122990,KR7122990005,와이솔,ST
123010,KR7123010001,알엔티엑스,ST
123040,KR7123040008,엠에스오토텍,ST
123330,KR7123330003,제닉,ST
123410,KR7123410003,코리아에프티,ST
123420,KR7123420002,위메이드플레이,ST
123570,KR7123570004,이엠넷,ST
123750,KR7123750002,알톤,ST
123840,KR7123840001,뉴온,ST
123860,KR7123860009,아나패스,ST
124500,KR7124500000,아이티센글로벌,ST
124560,KR7124560004,태웅로직스,ST
125020,KR7125020008,티씨머티리얼즈,ST
125210,KR7125210005,아모그린텍,ST
125490,KR7125490003,한라캐스트,ST
126340,KR7126340009,비나텍,ST
126600,KR7126600006,BGF에코머티리얼즈,ST
126640,KR7126640002,화신정공,ST
126700,KR7126700004,하이비젼시스템,ST
126730,KR7126730001,코칩,ST
126880,KR7126880004,제이엔케이글로벌,ST
127120,KR7127120004,제이에스링크,ST
127710,KR7127710002,아시아경제,ST
127980,KR7127980001,화인써키트,ST
128540,KR7128540002,에코캡,ST
128660,KR7128660008,피제이메탈,ST
129890,KR7129890000,앱코,ST
129920,KR7129920005,대성하이텍,ST
130500,KR7130500002,GH신소재,ST
130580,KR7130580004,나이스디앤비,ST
130740,KR7130740004,티피씨글로벌,ST
131030,KR7131030009,옵투스제약,ST
131090,KR7131090003,시큐브,ST
131100,KR7131100000,티엔엔터테인먼트,ST
131180,KR7131180002,딜리,ST
131220,KR7131220006,대한과학,ST
131290,KR7131290009,티에스이,ST
131370,KR7131370009,알서포트,ST
131400,KR7131400004,이브이첨단소재,ST
131760,KR7131760001,파인텍,ST
131970,KR7131970006,두산테스나,ST
133750,KR7133750000,메가엠디,ST
134060,KR7134060003,이퓨쳐,ST
134580,KR7134580000,탑코미디어,ST
136150,KR7136150000,원일티엔아이,ST
136410,KR7136410008,아셈스,ST
136480,KR7136480001,하림,ST
136540,KR7136540002,윈스테크넷,ST
137080,KR7137080008,나래나노텍,ST
137400,KR7137400008,피엔티,ST
137940,KR7137940003,넥스트아이,ST
137950,KR7137950002,제이씨케미칼,ST
138070,KR7138070008,신진에스엠,ST
138080,KR7138080007,오이솔루션,ST
138360,KR7138360003,앤로보틱스,ST
138610,KR7138610001,나이벡,ST
139050,KR7139050009,BF랩스,ST
139670,KR7139670004,키네마스터,ST
140070,KR7140070004,서플러스글로벌,ST
140410,KR7140410002,메지온,ST
140430,KR7140430000,카티스,ST
140520,KR7140520008,대창스틸,ST
140670,KR7140670001,알에스오토메이션,ST
140860,KR7140860008,파크시스템스,ST
141000,KR7141000000,비아트론,ST
141080,KR7141080002,리가켐바이오,ST
142210,KR7142210004,유니트론텍,ST
142280,KR7142280007,녹십자엠에스,ST
142760,KR7142760008,모아라이프플러스,ST
143160,KR7143160000,아이디스,ST
143240,KR7143240000,사람인,ST
143540,KR7143540003,영우디에스피,ST
144510,KR7144510005,지씨셀,ST
144960,KR7144960002,뉴파워프라즈마,ST
145020,KR7145020004,휴젤,ST
145170,KR7145170007,노브랜드,ST
146060,KR7146060009,율촌,ST
146320,KR7146320007,비씨엔씨,ST
147760,KR7147760003,피엠티,ST
147830,KR7147830004,제룡산업,ST
148150,KR7148150006,세경하이테크,ST
148250,KR7148250004,알엔투테크놀로지,ST
148780,KR7148780000,비큐AI,ST
148930,KR7148930001,에이치와이티씨,ST
149950,KR7149950008,아바텍,ST
149980,KR7149980005,하이로닉,ST
150900,KR7150900009,파수,ST
151860,KR7151860004,KG에코솔루션,ST
153460,KR7153460001,네이블,ST
153490,KR7153490008,우리이앤엘하루틴,ST
153710,KR7153710009,옵티팜,ST
154030,KR7154030001,아시아종묘,ST
154040,KR7154040000,다산솔루에타,ST
155650,KR7155650005,와이엠씨,ST
156100,KR7156100000,엘앤케이바이오,ST
158430,KR7158430009,아톤,ST
159010,KR7159010008,아스플로,ST
159580,KR7159580000,제로투세븐,ST
159910,KR7159910009,에코글로우,ST
160190,KR7160190005,하이젠알앤엠,ST
160550,KR7160550000,NEW,ST
160980,KR7160980009,싸이맥스,ST
161580,KR7161580006,필옵틱스,ST
162300,KR7162300008,신스틸,ST
163280,KR7163280001,에어레인,ST
163730,KR7163730005,핑거,ST
166090,KR7166090001,하나머티리얼즈,ST
166480,KR7166480004,코아스템켐온,ST
168330,KR7168330009,내츄럴엔도텍,ST
168360,KR7168360006,펨트론,ST
169330,KR7169330008,엠브레인,ST
170030,KR7170030001,현대공업,ST
170790,KR7170790000,파이오링크,ST
170920,KR7170920003,엘티씨,ST
171010,KR7171010002,램테크놀러지,ST
171090,KR7171090004,선익시스템,ST
171120,KR7171120009,라이온켐텍,ST
172670,KR7172670002,에이엘티,ST
173130,KR7173130006,오파스넷,ST
173940,KR7173940008,에프엔씨엔터,ST
174900,KR7174900001,앱클론,ST
175140,KR7175140003,휴먼테크놀로지,ST
175250,KR7175250000,아이큐어,ST
176750,KR7176750008,듀켐바이오,ST
177350,KR7177350006,베셀,ST
177830,KR7177830007,파버나인,ST
177900,KR7177900008,쓰리에이로직스,ST
178320,KR7178320008,서진시스템,ST
178780,KR7178780003,일월지엠엘,ST
179290,KR7179290002,엠아이텍,ST
179530,KR7179530001,애드바이오텍,ST
179900,KR7179900006,유티아이,ST
180400,KR7180400004,DXVX,ST
182360,KR7182360008,큐브엔터,ST
182400,KR7182400002,엔케이젠바이오텍코리아,ST
183300,KR7183300003,코미코,ST
183490,KR7183490002,엔지켐생명과학,ST
184230,KR7184230001,SGA솔루션즈,ST
185490,KR7185490000,아이진,ST
186230,KR7186230009,그린플러스,ST
187220,KR7187220009,디티앤씨,ST
187270,KR7187270004,신화콘텍,ST
187420,KR7187420005,HLB제넥스,ST
187660,KR7187660006,페니트리움바이오,ST
187790,KR7187790001,나노,ST
187870,KR7187870001,디바이스,ST
188040,KR7188040000,바이오포트,ST
188260,KR7188260004,세니젠,ST
189300,KR7189300007,인텔리안테크,ST
189330,KR7189330004,씨이랩,ST
189690,KR7189690001,포시에스,ST
189860,KR7189860000,서전기전,ST
189980,KR7189980006,흥국에프엔비,ST
190510,KR7190510008,나무가,ST
190650,KR7190650002,코리아에셋투자증권,ST
191410,KR7191410000,육일씨엔에쓰,ST
191420,KR7191420009,테고사이언스,ST
192250,KR7192250009,케이사인,ST
192390,KR7192390003,윈하이텍,ST
192410,KR7192410009,오늘이엔엠,ST
192440,KR7192440006,슈피겐코리아,ST
193250,KR7193250008,링크드,ST
194480,KR7194480000,데브시스터즈,ST
194700,KR7194700001,노바렉스,ST
195500,KR7195500004,마니커에프앤지,ST
195940,KR7195940002,HK이노엔,ST
195990,KR7195990007,에이비프로바이오,ST
196170,KR7196170005,알테오젠,ST
196300,KR7196300008,HLB펩,ST
196450,KR7196450001,코아시아씨엠,ST
196490,KR7196490007,디에이테크놀로지,ST
196700,KR7196700009,웹스,ST
197140,KR7197140007,디지캡,ST
198080,KR7198080004,캐프,ST
198440,KR7198440000,강동씨앤엘,ST
198940,KR7198940009,한주라이트메탈,ST
199430,KR7199430000,케이엔알시스템,ST
199480,KR7199480005,뱅크웨어글로벌,ST
199550,KR7199550005,레이저옵텍,ST
199730,KR7199730003,바이오인프라,ST
199800,KR7199800004,툴젠,ST
199820,KR7199820002,제일일렉트릭,ST
200130,KR7200130003,콜마비앤에이치,ST
200230,KR7200230001,텔콘RF제약,ST
200350,KR7200350007,아티스트스튜디오,ST
200470,KR7200470003,에이팩트,ST
200670,KR7200670008,휴메딕스,ST
200710,KR7200710002,에이디테크놀로지,ST
200780,KR7200780005,비씨월드제약,ST
201490,KR7201490000,미투온,ST
203400,KR7203400007,에이비온,ST
203450,KR7203450002,유니온바이오메트릭스,ST
203650,KR7203650007,드림시큐리티,ST
203690,KR7203690003,아크솔루션스,ST
204020,KR7204020002,그리티,ST
204270,KR7204270003,제이앤티씨,ST
204610,KR7204610000,티쓰리,ST
204620,KR7204620009,글로벌텍스프리,ST
204840,KR7204840003,지엘팜텍,ST
205100,KR7205100001,엑셈,ST
205470,KR7205470008,휴마시스,ST
205500,KR7205500002,넥써쓰,ST
206400,KR7206400004,베노티앤알,ST
206560,KR7206560005,덱스터,ST
206640,KR7206640005,바디텍메드,ST
206650,KR7206650004,유바이오로직스,ST
207760,KR7207760000,미스터블루,ST
208140,KR7208140004,정다운,ST
208350,KR7208350009,지란지교시큐리티,ST
208370,KR7208370007,셀바스헬스케어,ST
208640,KR7208640003,썸에이지,ST
208710,KR7208710004,포톤,ST
208860,KR7208860007,다산디엠씨,ST
209640,KR7209640002,와이제이링크,ST
210120,KR7210120002,캔버스엔,ST
211050,KR7211050000,인카금융서비스,ST
211270,KR7211270004,AP위성,ST
212560,KR7212560007,네오오토,ST
212710,KR7212710008,아이에스티이,ST
213420,KR7213420003,덕산네오룩스,ST
214150,KR7214150005,클래시스,ST
214180,KR7214180002,헥토이노베이션,ST
214260,KR7214260002,라파스,ST
214270,KR7214270001,FSN,ST
214370,KR7214370009,케어젠,ST
214430,KR7214430001,아이쓰리시스템,ST
214450,KR7214450009,파마리서치,ST
214610,KR7214610008,롤링스톤,ST
214680,KR7214680001,디알텍,ST
215000,KR7215000001,골프존,ST
215090,KR7215090002,솔디펜스,ST
215100,KR7215100009,로보로보,ST
215200,KR7215200007,메가스터디교육,ST
215360,KR7215360009,우리산업,ST
215380,KR7215380007,우정바이오,ST
215480,KR7215480005,토박스코리아,ST
215600,KR7215600008,신라젠,ST
215790,KR7215790007,이노인스트루먼트,ST
216050,KR7216050005,인크로스,ST
216080,KR7216080002,제테마,ST
217190,KR7217190008,제너셈,ST
217270,KR7217270008,넵튠,ST
217330,KR7217330000,싸이토젠,ST
217480,KR7217480003,에스디생명공학,ST
217500,KR7217500008,러셀,ST
217620,KR7217620004,선샤인푸드,ST
217730,KR7217730001,강스템바이오텍,ST
217820,KR7217820000,원익피앤이,ST
218150,KR7218150001,미래생명자원,ST
218410,KR7218410009,RFHIC,ST
219130,KR7219130002,타이거일렉,ST
219420,KR7219420007,링크제니시스,ST
219550,KR7219550001,디와이디,ST
219750,KR7219750007,한국비티비,ST
220100,KR7220100002,퓨쳐켐,ST
220180,KR7220180004,핸디소프트,ST
220260,KR7220260004,켐트로스,ST
221800,KR7221800006,지구홀딩스,ST
221840,KR7221840002,하이즈항공,ST
221980,KR7221980006,케이디켐,ST
222040,KR7222040008,코스맥스엔비티,ST
222080,KR7222080004,씨아이에스,ST
222110,KR7222110009,팬젠,ST
222160,KR7222160004,NPX,ST
222420,KR7222420002,쎄노텍,ST
222800,KR7222800005,심텍,ST
222980,KR7222980005,한국맥널티,ST
223250,KR7223250002,드림씨아이에스,ST
223310,KR7223310004,사토시홀딩스,ST
224060,KR7224060004,더코디,ST
224110,KR7224110007,에이텍모빌리티,ST
225190,KR7225190008,LK삼양,ST
225220,KR7225220003,제놀루션,ST
225430,KR7225430008,케이엠제약,ST
225530,KR7225530005,HC보광산업,ST
225570,KR7225570001,넥슨게임즈,ST
225590,KR7225590009,패션플랫폼,ST
226330,KR7226330009,신테카바이오,ST
226340,KR7226340008,본느,ST
226400,KR7226400000,오스테오닉,ST
226590,KR7226590008,엠디바이스,ST
226950,KR7226950004,올릭스,ST
227100,KR7227100005,프로브잇,ST
227610,KR7227610003,아우딘퓨쳐스,ST
227950,KR7227950003,엔투텍,ST
228340,KR7228340006,동양파일,ST
228670,KR7228670006,레이,ST
228760,KR7228760005,지노믹트리,ST
228850,KR7228850004,레이언스,ST
229000,KR7229000005,젠큐릭스,ST
230240,KR7230240004,에치에프알,ST
230360,KR7230360000,에코마케팅,ST
230980,KR7230980005,비유테크놀러지,ST
232140,KR7232140004,와이씨,ST
232680,KR7232680009,라온로보틱스,ST
232830,KR7232830000,아이티센피엔에스,ST
234030,KR7234030005,싸이닉솔루션,ST
234100,KR7234100006,폴라리스세원,ST
234300,KR7234300002,에스트래픽,ST
234340,KR7234340008,헥토파이낸셜,ST
234690,KR7234690006,녹십자웰빙,ST
234920,KR7234920007,자이글,ST
235980,KR7235980000,메드팩토,ST
236200,KR7236200002,슈프리마,ST
236810,KR7236810008,엔비티,ST
237690,KR7237690003,에스티팜,ST
237750,KR7237750005,피앤씨테크,ST
237820,KR7237820006,플레이디,ST
237880,KR7237880000,클리오,ST
238090,KR7238090005,앤디포스,ST
238120,KR7238120000,얼라인드,ST
238200,KR7238200000,비피도,ST
238490,KR7238490007,힘스,ST
239340,KR7239340003,이스트에이드,ST
239610,KR7239610009,에이치엘사이언스,ST
239890,KR7239890007,피엔에이치테크,ST
240550,KR7240550004,동방메디컬,ST
240600,KR7240600007,유진테크놀로지,ST
240810,KR7240810002,원익IPS,ST
241520,KR7241520006,DSC인베스트먼트,ST
241690,KR7241690007,유니테크노,ST
241710,KR7241710003,코스메카코리아,ST
241770,KR7241770007,메카로,ST
241790,KR7241790005,티이엠씨씨엔에스,ST
241820,KR7241820000,피씨엘,ST
241840,KR7241840008,에이스토리,ST
242040,KR7242040004,나무기술,ST
243070,KR7243070000,휴온스,ST
243840,KR7243840006,신흥에스이씨,ST
244460,KR7244460002,올리패스,ST
245620,KR7245620000,EDGC,ST
246250,KR7246250005,에스엘에스바이오,ST
246690,KR7246690002,TS인베스트먼트,ST
246710,KR7246710008,티앤알바이오팹,ST
246720,KR7246720007,아스타,ST
246960,KR7246960009,SCL사이언스,ST
247540,KR7247540008,에코프로비엠,ST
247660,KR7247660004,나노씨엠에스,ST
250000,KR7250000007,보라티알,ST
250060,KR7250060001,모비스,ST
250930,KR7250930005,예선테크,ST
251120,KR7251120002,바이오에프디엔씨,ST
251370,KR7251370003,와이엠티,ST
251630,KR7251630000,브이원텍,ST
251970,KR7251970000,펌텍코리아,ST
252500,KR7252500004,세화피앤씨,ST
252990,KR7252990007,샘씨엔에스,ST
253450,KR7253450001,스튜디오드래곤,ST
253590,KR7253590004,네오셈,ST
253840,KR7253840003,수젠텍,ST
254120,KR7254120009,자비스,ST
254490,KR7254490006,미래반도체,ST
255220,KR7255220006,SG,ST
255440,KR7255440000,야스,ST
256150,KR7256150004,한독크린텍,ST
256630,KR7256630005,포인트엔지니어링,ST
256840,KR7256840000,한국비엔씨,ST
256940,KR7256940008,킵스파마,ST
257370,KR7257370007,피엔티엠에스,ST
257720,KR7257720003,실리콘투,ST
258610,KR7258610005,케일럼,ST
258790,KR7258790005,소프트캠프,ST
258830,KR7258830009,세종메디칼,ST
259630,KR7259630002,엠플러스,ST
260660,KR7260660006,알리코제약,ST
260930,KR7260930003,씨티케이,ST
260970,KR7260970009,에스앤디,ST
261200,KR7261200000,덴티스,ST
261520,KR7261520001,이지스,ST
261780,KR7261780001,차백신연구소,ST
262260,KR7262260003,에이프로,ST
262840,KR7262840002,아이퀘스트,ST
263020,KR7263020000,디케이앤디,ST
263050,KR7263050007,유틸렉스,ST
263600,KR7263600009,덕우전자,ST
263690,KR7263690000,디알젬,ST
263700,KR7263700007,케어랩스,ST
263720,KR7263720005,디앤씨미디어,ST
263750,KR7263750002,펄어비스,ST
263770,KR7263770000,유에스티,ST
263800,KR7263800005,데이타솔루션,ST
263810,KR7263810004,상신전자,ST
263860,KR7263860009,지니언스,ST
263920,KR7263920001,휴엠앤씨,ST
264450,KR7264450008,유비쿼스,ST
264660,KR7264660002,씨앤지하이테크,ST
264850,KR7264850009,이랜시스,ST
265520,KR7265520007,AP시스템,ST
265560,KR7265560003,영화테크,ST
265740,KR7265740001,엔에프씨,ST
267320,KR7267320000,나인테크,ST
267790,KR7267790004,배럴,ST
267980,KR7267980001,매일유업,ST
269620,KR7269620001,시스웍,ST
270520,KR7270520000,앱튼,ST
270660,KR7270660004,에브리봇,ST
270870,KR7270870009,뉴트리,ST
271830,KR7271830002,팸텍,ST
272110,KR7272110008,케이엔제이,ST
272290,KR7272290008,이녹스첨단소재,ST
273060,KR7273060004,와이즈버즈,ST
273640,KR7273640003,와이엠텍,ST
274090,KR7274090000,켄코아에어로스페이스,ST
274400,KR7274400001,이노시뮬레이션,ST
275630,KR7275630002,에스에스알,ST
276040,KR7276040003,스코넥,ST
276730,KR7276730009,한울앤제주,ST
277070,KR7277070009,린드먼아시아,ST
277410,KR7277410007,인산가,ST
277810,KR7277810008,레인보우로보틱스,ST
277880,KR7277880001,티에스아이,ST
278280,KR7278280003,천보,ST
278650,KR7278650007,HLB바이오스텝,ST
279600,KR7279600001,미디어젠,ST
281740,KR7281740001,레이크머티리얼즈,ST
282720,KR7282720002,금양그린파워,ST
282880,KR7282880004,코윈테크,ST
284620,KR7284620002,카이노스메드,ST
285490,KR7285490009,노바텍,ST
285800,KR7285800009,진영,ST
286750,KR7286750005,나노실리칸첨단소재,ST
287840,KR7287840003,인투셀,ST
288330,KR7288330004,파라택시스코리아,ST
288620,KR7288620008,에스퓨얼셀,ST
288980,KR7288980006,모아데이타,ST
289010,KR7289010001,아이스크림에듀,ST
289080,KR7289080004,SV인베스트먼트,ST
289220,KR7289220006,자이언트스텝,ST
289930,KR7289930000,웨이비스,ST
290090,KR7290090000,트윔,ST
290120,KR7290120005,DH오토리드,ST
290270,KR7290270008,휴네시온,ST
290520,KR7290520006,신도기연,ST
290550,KR7290550003,디케이티,ST
290560,KR7290560002,파라택시스이더리움,ST
290650,KR7290650001,엘앤씨바이오,ST
290660,KR7290660000,네오펙트,ST
290670,KR7290670009,대보마그네틱,ST
290690,KR7290690007,소룩스,ST
290720,KR7290720002,푸드나무,ST
290740,KR7290740000,액트로,ST
291230,KR7291230001,엔피,ST
291650,KR7291650000,압타머사이언스,ST
291810,KR7291810000,핀텔,ST
293490,KR7293490009,카카오게임즈,ST
293580,KR7293580007,나우IB,ST
293780,KR7293780003,압타바이오,ST
294090,KR7294090006,이오플로우,ST
294140,KR7294140009,레몬,ST
294570,KR7294570007,쿠콘,ST
294630,KR7294630009,서남,ST
295310,KR7295310007,에이치브이엠,ST
296640,KR7296640006,이노에이엑스,ST
297090,KR7297090003,씨에스베어링,ST
297570,KR7297570004,알로이스,ST
297890,KR7297890006,HB솔루션,ST
298060,KR7298060005,풍전약품,ST
298380,KR7298380007,에이비엘바이오,ST
298540,KR7298540006,더네이쳐홀딩스,ST
298830,KR7298830001,슈어소프트테크,ST
299030,KR7299030007,하나기술,ST
299170,KR7299170001,더블유에스아이,ST
299660,KR7299660001,셀리드,ST
299900,KR7299900001,위지윅스튜디오,ST
300080,KR7300080009,플리토,ST
300120,KR7300120003,라온피플,ST
301300,KR7301300000,바이브컴퍼니,ST
302430,KR7302430004,이노메트리,ST
302550,KR7302550009,리메드,ST
303030,KR7303030001,지니틱스,ST
303360,KR7303360002,프로티아,ST
303530,KR7303530000,이노뎁,ST
303810,KR7303810006,동국생명과학,ST
304100,KR7304100001,솔트룩스,ST
304360,KR7304360001,에스바이오메딕스,ST
304840,KR7304840002,피플바이오,ST
305090,KR7305090003,마이크로디지탈,ST
306040,KR7306040007,에스제이그룹,ST
306620,KR7306620006,지아이에스,ST
307180,KR7307180000,아이엘,ST
307280,KR7307280008,원바이오젠,ST
307750,KR7307750000,국전,ST
307870,KR7307870006,비투엔,ST
307930,KR7307930008,컴퍼니케이,ST
308080,KR7308080001,바이젠셀,ST
308100,KR7308100007,형지글로벌,ST
308430,KR7308430008,셀비온,ST
309710,KR7309710002,아이티켐,ST
309930,KR7309930006,조이웍스앤코,ST
309960,KR7309960003,LB인베스트먼트,ST
310200,KR7310200001,애니플러스,ST
310210,KR7310210000,보로노이,ST
310870,KR7310870001,디와이씨,ST
311320,KR7311320006,지오엘리먼트,ST
311390,KR7311390009,네오크레마,ST
311690,KR7311690002,CJ 바이오사이언스,ST
312610,KR7312610009,에이에프더블류,ST
313760,KR7313760001,캐리,ST
314130,KR7314130006,지놈앤컴퍼니,ST
314140,KR7314140005,알피바이오,ST
314930,KR7314930009,바이오다인,ST
315640,KR7315640003,딥노이드,ST
317120,KR7317120004,라닉스,ST
317240,KR7317240000,TS트릴리온,ST
317330,KR7317330009,덕산테코피아,ST
317530,KR7317530004,에피소드컴퍼니,ST
317690,KR7317690006,퀀타매트릭스,ST
317770,KR7317770006,엑스페릭스,ST
317830,KR7317830008,에스피시스템스,ST
317850,KR7317850006,대모,ST
317870,KR7317870004,엔바이오니아,ST
318000,KR7318000007,KBG,ST
318010,KR7318010006,팜스빌,ST
318020,KR7318020005,포인트모바일,ST
318060,KR7318060001,그래피,ST
318160,KR7318160009,셀바이오휴먼텍,ST
318410,KR7318410008,비비씨,ST
319400,KR7319400008,현대무벡스,ST
319660,KR7319660007,피에스케이,ST
320000,KR7320000003,한울반도체,ST
321260,KR7321260002,프로이천,ST
321370,KR7321370009,센서뷰,ST
321550,KR7321550006,티움바이오,ST
321820,KR7321820003,아티스트컴퍼니,ST
322180,KR7322180001,LS티라유텍,ST
322310,KR7322310004,오로스테크놀로지,ST
322510,KR7322510009,제이엘케이,ST
322780,KR7322780008,코퍼스코리아,ST
323280,KR7323280008,태성,ST
323350,KR7323350009,다원넥스뷰,ST
323990,KR7323990002,박셀바이오,ST
327260,KR7327260006,RF머트리얼즈,ST
328130,KR7328130000,루닛,ST
328380,KR7328380001,솔트웨어,ST
330350,KR7330350000,위더스제약,ST
330730,KR7330730003,스톤브릿지벤처스,ST
330860,KR7330860008,네패스아크,ST
331380,KR7331380006,포커스에이아이,ST
331520,KR7331520007,밸로프,ST
331740,KR7331740001,아우토크립트,ST
331920,KR7331920009,셀레믹스,ST
332290,KR7332290006,누보,ST
332370,KR7332370006,아이디피,ST
332570,KR7332570001,PS일렉트로닉스,ST
333050,KR7333050003,이노테나,ST
333430,KR7333430007,일승,ST
333620,KR7333620003,엔시스,ST
334970,KR7334970001,프레스티지바이오로직스,ST
335810,KR7335810008,프리시젼바이오,ST
335870,KR7335870002,윙스풋,ST
336060,KR7336060009,웨이버스,ST
336570,KR7336570007,원텍,ST
336680,KR7336680004,탑런토탈솔루션,ST
337930,KR7337930002,젝시믹스,ST
338220,KR7338220007,뷰노,ST
338840,KR7338840002,와이바이오로직스,ST
339950,KR7339950008,아이비김영,ST
340360,KR7340360007,다보링크,ST
340440,KR7340440007,세림B&G,ST
340450,KR7340450006,지씨지놈,ST
340570,KR7340570001,티앤엘,ST
340810,KR7340810001,시선AI,ST
340930,KR7340930007,유일에너테크,ST
342870,KR7342870003,오아,ST
344860,KR7344860002,이노진,ST
347000,KR7347000002,센코,ST
347700,KR7347700007,스피어,ST
347740,KR7347740003,피엔케이피부임상연구센타,ST
347770,KR7347770000,핌스,ST
347850,KR7347850000,디앤디파마텍,ST
347860,KR7347860009,알체라,ST
347890,KR7347890006,엠엑스온,ST
348030,KR7348030008,모비릭스,ST
348080,KR7348080003,큐라티스,ST
348150,KR7348150004,고바이오랩,ST
348210,KR7348210006,넥스틴,ST
348340,KR7348340001,뉴로메카,ST
348350,KR7348350000,위드텍,ST
348370,KR7348370008,엔켐,ST
351320,KR7351320007,넥사다이내믹스,ST
351330,KR7351330006,이삭엔지니어링,ST
351870,KR7351870001,차이커뮤니케이션,ST
352090,KR7352090005,스톰테크,ST
352480,KR7352480008,씨앤씨인터내셔널,ST
352700,KR7352700009,씨앤투스,ST
352770,KR7352770002,셀레스트라,ST
352910,KR7352910004,오비고,ST
352940,KR7352940001,인바이오,ST
353190,KR7353190002,휴럼,ST
353590,KR7353590003,오토앤,ST
353810,KR7353810005,이지바이오,ST
354200,KR7354200008,엔젠바이오,ST
354320,KR7354320004,알멕,ST
355150,KR7355150004,코스텍시스,ST
355390,KR7355390006,크라우드웍스,ST
355690,KR7355690009,에이텀,ST
356680,KR7356680009,엑스게이트,ST
356860,KR7356860007,티엘비,ST
356890,KR7356890004,싸이버원,ST
357230,KR7357230002,에이치피오,ST
357550,KR7357550003,석경에이티,ST
357580,KR7357580000,아모센스,ST
357780,KR7357780006,솔브레인,ST
357880,KR7357880004,SKAI,ST
358570,KR7358570000,지아이이노베이션,ST
359090,KR7359090008,씨엔알리서치,ST
360070,KR7360070007,탑머티리얼,ST
360350,KR7360350003,코셈,ST
361390,KR7361390008,제노코,ST
361570,KR7361570005,알비더블유,ST
361670,KR7361670003,삼영에스앤씨,ST
362320,KR7362320004,청담글로벌,ST
362990,KR7362990004,드림인사이트,ST
363250,KR7363250002,진시스템,ST
363260,KR7363260001,모비데이즈,ST
364950,KR7364950006,에이아이코리아,ST
365270,KR7365270008,큐라클,ST
365330,KR7365330000,에스와이스틸텍,ST
365340,KR7365340009,성일하이텍,ST
365590,KR7365590009,하이딥,ST
365900,KR7365900000,브이씨,ST
366030,KR7366030005,공구우먼,ST
367000,KR7367000007,플래티어,ST
368600,KR7368600003,아이씨에이치,ST
368770,KR7368770004,파이버프로,ST
368970,KR7368970000,오에스피,ST
369370,KR7369370002,블리츠웨이엔터테인먼트,ST
370090,KR7370090003,퓨런티어,ST
371950,KR7371950007,풍원정밀,ST
372170,KR7372170001,윤성에프앤씨,ST
372320,KR7372320002,큐로셀,ST
372800,KR7372800003,아이티아이즈,ST
373110,KR7373110006,엑셀세라퓨틱스,ST
373160,KR7373160001,데이원컴퍼니,ST
373170,KR7373170000,엠아이큐브솔루션,ST
373200,KR7373200005,엑스플러스,ST
376180,KR7376180006,피코그램,ST
376270,KR7376270005,HEM파마,ST
376290,KR7376290003,씨유테크,ST
376300,KR7376300000,디어유,ST
376900,KR7376900007,로킷헬스케어,ST
376930,KR7376930004,노을,ST
376980,KR7376980009,원티드랩,ST
377030,KR7377030002,비트맥스,ST
377220,KR7377220009,프롬바이오,ST
377330,KR7377330006,이지트로닉스,ST
377450,KR7377450002,리파인,ST
377460,KR7377460001,큐에이드,ST
377480,KR7377480009,마음AI,ST
378340,KR7378340004,필에너지,ST
378800,KR7378800007,샤페론,ST
380540,KR7380540005,옵티코어,ST
380550,KR7380550004,뉴로핏,ST
381620,KR7381620004,제닉스로보틱스,ST
382150,KR7382150001,온코크로스,ST
382480,KR7382480002,지아이텍,ST
382800,KR7382800001,지앤비에스 에코,ST
382840,KR7382840007,원준,ST
382900,KR7382900009,범한퓨얼셀,ST
383310,KR7383310000,에코프로에이치엔,ST
383930,KR7383930005,디티앤씨알오,ST
384470,KR7384470001,코어라인소프트,ST
387570,KR7387570005,파인메딕스,ST
388050,KR7388050007,지투파워,ST
388210,KR7388210007,씨엠티엑스,ST
388610,KR7388610008,지에프씨생명과학,ST
388720,KR7388720005,유일로보틱스,ST
388790,KR7388790008,라이콤,ST
388870,KR7388870008,파로스아이바이오,ST
389020,KR7389020009,자람테크놀로지,ST
389030,KR7389030008,지니너스,ST
389140,KR7389140005,포바이포,ST
389260,KR7389260001,대명에너지,ST
389470,KR7389470006,인벤티지랩,ST
389500,KR7389500000,에스비비테크,ST
389650,KR7389650003,넥스트바이오메디컬,ST
389680,KR7389680000,유디엠텍,ST
391710,KR7391710001,코닉오토메이션,ST
393210,KR7393210000,토마토시스템,ST
393890,KR7393890009,더블유씨피,ST
393970,KR7393970009,대진첨단소재,ST
394280,KR7394280002,오픈엣지테크놀로지,ST
394420,KR7394420004,리센스메디컬,ST
394800,KR7394800007,쓰리빌리언,ST
396270,KR7396270001,넥스트칩,ST
396300,KR7396300006,세아메카닉스,ST
396470,KR7396470007,워트,ST
397030,KR7397030008,에이프릴바이오,ST
397810,KR7397810003,애드포러스,ST
398120,KR7398120006,에스지헬스케어,ST
399720,KR7399720002,가온칩스,ST
402030,KR7402030001,코난테크놀로지,ST
402490,KR7402490007,그린리소스,ST
403490,KR7403490006,우듬지팜,ST
403850,KR7403850001,더핑크퐁컴퍼니,ST
403870,KR7403870009,HPSP,ST
405000,KR7405000001,플라즈맵,ST
405100,KR7405100009,큐알티,ST
405920,KR7405920000,나라셀라,ST
406820,KR7406820001,뷰티스킨,ST
407400,KR7407400001,꿈비,ST
408470,KR7408470003,한패스,ST
408900,KR7408900009,스튜디오미르,ST
408920,KR7408920007,메쎄이상,ST
411080,KR7411080005,샌즈랩,ST
412350,KR7412350001,레이저쎌,ST
412540,KR7412540007,제일엠앤에스,ST
413390,KR7413390006,엠오티,ST
413630,KR7413630005,씨피시스템,ST
413640,KR7413640004,비아이매트릭스,ST
415380,KR7415380005,스튜디오삼익,ST
416180,KR7416180008,신성에스티,ST
417010,KR7417010006,나노팀,ST
417180,KR7417180007,핑거스토리,ST
417200,KR7417200003,LS머트리얼즈,ST
417500,KR7417500006,제이아이테크,ST
417790,KR7417790003,트루엔,ST
417840,KR7417840006,저스템,ST
417860,KR7417860004,오브젠,ST
417970,KR7417970001,모델솔루션,ST
418250,KR7418250007,시큐레터,ST
418420,KR7418420006,라온텍,ST
418470,KR7418470001,KT밀리의서재,ST
418550,KR7418550000,제이오,ST
418620,KR7418620001,E8,ST
419050,KR7419050000,삼기에너지솔루션즈,ST
419080,KR7419080007,엔젯,ST
419120,KR7419120001,산돌,ST
419530,KR7419530001,SAMG엔터,ST
419540,KR7419540000,비스토스,ST
420570,KR7420570004,제이투케이바이오,ST
420770,KR7420770000,기가비스,ST
424760,KR7424760007,벨로크,ST
424870,KR7424870004,이뮨온시아,ST
424960,KR7424960003,스마트레이더시스템,ST
424980,KR7424980001,마이크로투나노,ST
425040,KR7425040003,티이엠씨,ST
425420,KR7425420007,티에프이,ST
429270,KR7429270002,시지트로닉스,ST
430690,KR7430690008,한싹,ST
431190,KR7431190008,케이쓰리아이,ST
432430,KR7432430007,와이랩,ST
432470,KR7432470003,케이엔에스,ST
432720,KR7432720001,퀄리타스반도체,ST
432980,KR7432980001,엠에프씨,ST
434480,KR7434480000,모니터랩,ST
435570,KR7435570007,에르코스,ST
437730,KR7437730005,삼현,ST
438700,KR7438700007,버넥트,ST
439090,KR7439090002,마녀공장,ST
439580,KR7439580002,블루엠텍,ST
440110,KR7440110005,파두,ST
440290,KR7440290005,HB인베스트먼트,ST
440320,KR7440320000,오픈놀,ST
441270,KR7441270006,파인엠텍,ST
443250,KR7443250006,레뷰코퍼레이션,ST
443670,KR7443670005,에스피소프트,ST
444530,KR7444530000,심플랫폼,ST
445090,KR7445090004,에이직랜드,ST
445180,KR7445180003,퓨릿,ST
445680,KR7445680002,큐리옥스바이오시스템즈,ST
446540,KR7446540007,메가터치,ST
446840,KR7446840001,지슨,ST
448280,KR7448280008,에코아이,ST
448710,KR7448710004,코츠테크놀로지,ST
448900,KR7448900001,한국피아이엠,ST
450330,KR7450330006,하스,ST
450520,KR7450520002,인스웨이브,ST
450950,KR7450950001,아스테라시스,ST
451220,KR7451220008,아이엠티,ST
451250,KR7451250005,삐아,ST
451700,KR7451700009,엔에이치스팩29호,ST
451760,KR7451760003,컨텍,ST
452160,KR7452160005,제이엔비,ST
452190,KR7452190002,한빛레이저,ST
452200,KR7452200009,민테크,ST
452280,KR7452280001,한선엔지니어링,ST
452300,KR7452300007,캡스톤파트너스,ST
452400,KR7452400005,이닉스,ST
452430,KR7452430002,사피엔반도체,ST
452450,KR7452450000,피아이이,ST
452670,KR7452670003,상상인제4호스팩,ST
452980,KR7452980006,신한제11호스팩,ST
453450,KR7453450009,그리드위즈,ST
453860,KR7453860009,에이에스텍,ST
455180,KR7455180000,케이지에이,ST
455900,KR7455900001,엔젤로보틱스,ST
456010,KR7456010008,아이씨티케이,ST
456070,KR7456070002,이엔셀,ST
456160,KR7456160001,지투지바이오,ST
457370,KR7457370005,한켐,ST
457550,KR7457550002,우진엔텍,ST
457600,KR7457600005,벡트,ST
458350,KR7458350006,에스팀,ST
458650,KR7458650009,성우,ST
458870,KR7458870003,씨어스,ST
459100,KR7459100004,위츠,ST
459510,KR7459510004,나우로보틱스,ST
459550,KR7459550000,알트,ST
460470,KR7460470008,아이빔테크놀로지,ST
460870,KR7460870009,에스엠씨지,ST
460930,KR7460930001,현대힘스,ST
460940,KR7460940000,피앤에스로보틱스,ST
461030,KR7461030009,아이엠비디엑스,ST
461300,KR7461300006,아이스크림미디어,ST
462020,KR7462020009,에이치엠씨제6호스팩,ST
462310,KR7462310004,뉴키즈온,ST
462350,KR7462350000,이노스페이스,ST
462510,KR7462510009,라메디텍,ST
462860,KR7462860008,더즌,ST
462980,KR7462980004,아이지넷,ST
463020,KR7463020008,뉴엔AI,ST
463480,KR7463480004,모티브링크,ST
464080,KR7464080001,에스오에스랩,ST
464280,KR7464280007,티디에스팜,ST
464440,KR7464440007,한국제13호스팩,ST
464490,KR7464490002,쿼드메디슨,ST
464500,KR7464500008,아이언디바이스,ST
464580,KR7464580000,닷밀,ST
464680,KR7464680008,KB제27호스팩,ST
465320,KR7465320000,교보15호스팩,ST
465480,KR7465480002,인스피언,ST
466100,KR7466100005,클로봇,ST
466410,KR7466410008,사이냅소프트,ST
466690,KR7466690005,키움히어로제1호스팩,ST
466910,KR7466910007,엔에이치스팩30호,ST
467930,KR7467930004,IBKS제23호스팩,ST
468530,KR7468530001,프로티나,ST
468760,KR7468760004,유진스팩10호,ST
469480,KR7469480008,IBKS제24호스팩,ST
469610,KR7469610000,이노테크,ST
469750,KR7469750004,아이비젼웍스,ST
469880,KR7469880009,하나30호스팩,ST
469900,KR7469900005,하나31호스팩,ST
471050,KR7471050005,대신밸런스제17호스팩,ST
471820,KR7471820001,셀로맥스사이언스,ST
472220,KR7472220003,신영스팩10호,ST
472230,KR7472230002,에스케이증권제11호스팩,ST
472850,KR7472850007,폰드그룹,ST
473000,KR7473000008,에스케이증권제12호스팩,ST
473050,KR7473050003,유안타제15호스팩,ST
473950,KR7473950004,에스케이증권제13호스팩,ST
473980,KR7473980001,노머스,ST
474170,KR7474170008,루미르,ST
474490,KR7474490000,유안타제16호스팩,ST
474610,KR7474610003,RF시스템즈,ST
474650,KR7474650009,링크솔루션,ST
474660,KR7474660008,신한제12호스팩,ST
474930,KR7474930005,신한제13호스팩,ST
475230,KR7475230009,엔알비,ST
475240,KR7475240008,하나32호스팩,ST
475250,KR7475250007,하나33호스팩,ST
475400,KR7475400008,씨메스로보틱스,ST
475430,KR7475430005,키스트론,ST
475460,KR7475460002,미트박스,ST
475580,KR7475580007,에이럭스,ST
475660,KR7475660007,에스켐,ST
475830,KR7475830006,오름테라퓨틱,ST
475960,KR7475960001,토모큐브,ST
476040,KR7476040001,오가노이드사이언스,ST
476060,KR7476060009,온코닉테라퓨틱스,ST
476080,KR7476080007,M83,ST
476830,KR7476830005,알지노믹스,ST
477340,KR7477340004,에이치엠씨제7호스팩,ST
477380,KR7477380000,미래에셋비전스팩4호,ST
477470,KR7477470009,미래에셋비전스팩5호,ST
477760,KR7477760003,DB금융스팩12호,ST
478110,KR7478110000,이베스트스팩6호,ST
478340,KR7478340003,나라스페이스테크놀로지,ST
478390,KR7478390008,KB제29호스팩,ST
478440,KR7478440001,미래에셋비전스팩6호,ST
478560,KR7478560006,블랙야크아이앤씨,ST
479880,KR7479880007,한국제15호스팩,ST
479960,KR7479960007,위너스일렉,ST
481070,KR7481070001,에이유브랜즈,ST
481890,KR7481890002,엔에이치스팩31호,ST
482520,KR7482520004,교보16호스팩,ST
482630,KR7482630001,삼양엔씨켐,ST
482680,KR7482680006,미래에셋비전스팩7호,ST
482690,KR7482690005,대신밸런스제19호스팩,ST
484120,KR7484120001,도우인시스,ST
484130,KR7484130000,하나34호스팩,ST
484590,KR7484590005,삼양컴텍,ST
484810,KR7484810007,티엑스알로보틱스,ST
486630,KR7486630007,KB제30호스팩,ST
486990,KR7486990005,노타,ST
487360,KR7487360000,신한제14호스팩,ST
487720,KR7487720005,키움제10호스팩,ST
487830,KR7487830002,신한제15호스팩,ST
488060,KR7488060005,유진스팩11호,ST
488280,KR7488280009,에스투더블유,ST
488900,KR7488900002,비츠로넥스텍,ST
489210,KR7489210005,교보17호스팩,ST
489460,KR7489460006,바이오비쥬,ST
489480,KR7489480004,키움제11호스팩,ST
489500,KR7489500009,엘케이켐,ST
489730,KR7489730002,디비금융제13호스팩,ST
490470,KR7490470002,세미파이브,ST
491000,KR7491000006,리브스메드,ST
492220,KR7492220009,KB제31호스팩,ST
493280,KR7493280002,아이엠바이오로직스,ST
493330,KR7493330005,지에프아이,ST
493790,KR7493790000,유안타제17호스팩,ST
494120,KR7494120009,큐리오시스,ST
496070,KR7496070004,신한제16호스팩,ST
498390,KR7498390004,한화플러스제5호스팩,ST
