종목코드,종목명,시가총액,PER,EPS,PBR,섹터,당일등락(%),ROE(%),부채비율(%),매출증가율(%),영업이익증가율(%),raw_score,퀄리티점수,랭킹,순위변동,정배열
002380,KCC,40558.0,2.73,173128.0,0.44,화학,-0.11,40.44,91.73,4.55,-13.78,1.3439139076643318,1.3437000216284847,1,0,False
003230,삼양식품,91225.0,23.42,51697.0,7.27,음식료·담배,-1.06,38.78,77.54,37.21,39.06,1.3416185991257086,1.3416048699583798,2,0,False
326030,SK바이오팜,59361.0,22.24,3409.0,7.3,일반서비스,-1.17,49.59,38.86,48.21,113.39,1.3333096965882263,1.3332743063593917,3,0,False
443060,HD현대마린솔루션,104686.0,38.83,6013.0,12.69,일반서비스,-1.48,41.27,55.98,21.16,15.06,1.0631025461534693,1.062835520089559,4,0,True
383220,F&F,26700.0,6.7,10404.0,1.39,섬유·의류,0.72,28.34,26.67,8.6,15.57,1.0580785225677714,1.0586732025224475,5,0,False
034730,SK,423416.0,26.71,21863.0,1.28,금융,-0.51,25.41,107.92,29.06,1237.32,0.8253015521935859,0.8253316148944851,6,1,True
009540,HD한국조선해양,230720.0,10.64,30639.0,1.74,금융,0.15,25.71,146.91,20.2,65.55,0.8166256190610275,0.8163411299996748,7,2,False
267250,HD현대,158776.0,16.49,12187.0,1.4,금융,1.77,25.2,160.15,22.49,186.95,0.7924522177363992,0.7917893246031358,8,0,False
062040,산일전기,69559.0,46.41,4891.0,11.78,전기·전자,6.32,31.06,14.24,38.5,40.38,0.7366976927494469,0.7342070884213239,9,0,True
005930,삼성전자,16135729.0,42.05,6564.0,4.31,전기·전자,0.0,31.39,31.1,98.67,1191.44,0.7227611193924913,0.719545837490212,10,-2,True
271560,오리온,41624.0,10.88,9680.0,1.09,음식료·담배,-0.75,11.09,18.94,15.52,17.88,0.7133376839360346,0.7110763948976077,11,-1,False
033780,KT&G,183641.0,19.71,8973.0,1.98,음식료·담배,1.26,15.22,54.65,12.05,22.59,0.7058855530905785,0.706681614885753,12,-1,False
004800,효성,26500.0,8.03,19707.0,1.08,금융,1.74,18.82,81.72,9.35,80.28,0.6067448697149371,0.606970520667869,13,3,False
267260,HD현대일렉트릭,244400.0,33.36,20324.0,12.03,전기·전자,0.74,43.7,143.18,13.4,27.61,0.6031855105898849,0.5995717669343352,14,3,False
207940,삼성바이오로직스,626779.0,50.96,26572.0,8.4,제약,-4.51,19.88,51.31,28.02,28.63,0.5836612416726101,0.5895361402538932,15,1,False
004370,농심,24574.0,14.44,27970.0,0.86,음식료·담배,0.87,6.94,36.91,7.35,31.68,0.5664212628546494,0.567216705389204,16,-1,False
128940,한미약품,64824.0,38.23,13235.0,5.13,제약,1.71,17.14,46.86,14.35,54.65,0.5549561171773866,0.5605342713464144,17,-1,True
042700,한미반도체,259249.0,121.81,2233.0,37.37,기계·장비,1.3,33.24,18.03,-7.75,-10.99,0.538702427567987,0.5379299260955073,18,5,True
000990,DB하이텍,61254.0,24.35,5783.0,2.68,전기·전자,-1.19,15.88,29.37,21.94,36.25,0.5349428295016069,0.5329467567706105,19,4,True
007660,이수페타시스,88972.0,53.7,2257.0,11.78,전기·전자,-1.78,26.37,70.6,45.81,60.76,0.533631911959852,0.5305065516386903,20,5,True
078930,GS,98841.0,12.62,8434.0,0.69,금융,4.11,15.37,79.98,17.22,130.82,0.499461388738741,0.4997202373232303,21,2,False
000100,유한양행,54549.0,31.02,2389.0,2.4,제약,-0.94,10.45,34.78,8.94,34.48,0.487790041120583,0.4917993851280039,22,-1,False
017800,현대엘리베이터,28459.0,10.86,6703.0,1.94,기계·장비,0.97,32.43,191.18,0.55,20.33,0.4863973949653853,0.4847059626939927,23,3,False
023530,롯데쇼핑,28883.0,56.04,1822.0,0.19,유통,0.79,1.19,124.87,3.82,81.49,0.39857889853104833,0.47987163477939676,24,-31,False
068270,셀트리온,424759.0,43.09,4238.0,2.44,제약,-0.54,9.16,31.33,40.77,97.42,0.47486380696265024,0.4790814197860654,25,0,False
353200,대덕전자,73038.0,159.96,924.0,8.48,전기·전자,-1.07,16.64,40.02,62.02,0.0,0.4731183774759622,0.4712669833021396,26,1,True
014680,한솔케미칼,29576.0,21.09,12993.0,2.76,화학,-1.79,14.52,38.39,11.11,3.99,0.44452076215815917,0.4413994211372133,27,2,False
036570,엔씨소프트,51921.0,15.04,16023.0,1.39,IT 서비스,4.78,18.68,30.23,78.8,1314.57,0.4086802553772373,0.4203887115997158,28,-2,False
007340,DN오토모티브,29255.0,10.4,4809.0,1.29,전기·전자,0.7,18.47,122.31,26.76,35.02,0.41953643381724937,0.4174056256364864,29,3,True
008930,한미사이언스,37821.0,31.95,1731.0,3.89,금융,4.93,15.61,44.44,7.63,43.9,0.4163344400456708,0.4171473312112094,30,0,True
003690,코리안리,25430.0,8.71,1653.0,0.69,보험,0.49,12.44,266.39,6.73,78.38,0.4165108078016721,0.4161569446927304,31,2,
161890,한국콜마,32245.0,25.78,5299.0,3.54,화학,-6.76,20.19,104.86,14.84,41.83,0.4195283392661969,0.4112300160165112,32,3,
011780,금호석유화학,29535.0,11.93,9843.0,0.48,화학,1.38,7.85,34.4,9.96,114.38,0.39304404087023914,0.3973396401445187,33,1,
042660,한화오션,241454.0,19.38,4066.0,3.91,운송장비·부품,0.38,32.55,167.61,34.42,86.76,0.39466088228720686,0.39402365122810296,34,5,
111770,영원무역,29600.0,6.01,11109.0,0.69,유통,-3.61,14.56,37.26,15.03,29.79,0.2964666687679497,0.38032922051240337,35,-30,
021240,코웨이,71900.0,11.87,8558.0,1.99,일반서비스,2.32,19.31,103.56,13.89,11.05,0.37464323887571993,0.37547163811868406,36,4,
010130,고려아연,225428.0,28.04,38514.0,2.05,금속,1.03,10.49,95.98,62.5,151.55,0.37524375230420604,0.37382029804722844,37,4,
009150,삼성전기,1180907.0,173.76,9099.0,12.52,전기·전자,1.28,10.6,57.34,20.7,74.33,0.3407671072008116,0.33764539482211553,38,5,
192820,코스맥스,30644.0,24.9,10843.0,5.49,화학,-3.23,34.01,276.14,21.84,13.02,0.34439571991275253,0.33546565663182376,39,8,
011070,LG이노텍,135849.0,39.81,14419.0,2.36,전기·전자,-1.71,11.39,87.15,24.05,296.37,0.3353545472994499,0.33236151631122346,40,6,
241560,두산밥캣,52913.0,13.24,4168.0,0.73,기계·장비,0.91,6.85,72.88,9.2,23.38,0.3307212292988674,0.32662661869602894,41,5,
028670,팬오션,33357.0,11.06,564.0,0.58,운송·창고,6.12,5.82,103.08,27.37,41.59,0.3092913640778935,0.31696445504502135,42,-2,
329180,HD현대중공업,447135.0,27.13,15702.0,4.79,운송장비·부품,-1.27,30.09,178.6,53.69,114.91,0.31620861293871894,0.3153943476048627,43,3,
000240,한국앤컴퍼니,24161.0,6.96,3658.0,0.5,금융,1.39,8.27,9.72,-1.98,10.5,0.3086505776069104,0.31043346647520353,44,6,
161390,한국타이어앤테크놀로지,74201.0,6.81,8795.0,0.6,화학,1.7,10.02,84.72,6.42,50.51,0.2949889158367248,0.2975391695270605,45,4,
030200,KT,130799.0,7.56,6869.0,0.71,통신,0.19,7.26,118.71,-5.7,-33.61,0.29784643325182564,0.29368510448745777,46,7,
005440,현대지에프홀딩스,23273.0,4.8,2643.0,0.49,금융,1.2,7.81,44.92,1.68,20.29,0.29345842024803603,0.2924715171128867,47,4,
032640,LG유플러스,61754.0,12.04,1208.0,0.7,통신,0.07,5.99,114.08,-1.24,10.15,0.2945467401149327,0.29207236504167805,48,5,
005490,POSCO홀딩스,246441.0,38.47,8085.0,0.42,금속,1.47,2.4,70.99,6.12,29.79,0.2883845998284884,0.2908190900210123,49,1,
103590,일진전기,41105.0,39.56,2179.0,6.98,전기·전자,3.98,23.7,161.09,16.66,71.29,0.2872348255900872,0.2848518224246874,50,4,
000660,SK하이닉스,13448364.0,31.23,58955.0,10.72,전기·전자,0.44,92.68,32.8,230.8,489.39,0.28204771878788637,0.27882316543801405,51,3,
011200,HMM,202796.0,11.0,1955.0,0.76,운송·창고,1.65,5.2,29.42,11.74,-26.43,0.27528987110602704,0.27522948234056566,52,3,
005850,에스엘,24200.0,7.79,6692.0,0.94,운송장비·부품,-0.57,15.02,56.89,8.98,19.7,0.26560058773305495,0.2670881744824185,53,5,
064350,현대로템,127151.0,16.51,7055.0,4.13,운송장비·부품,3.56,26.45,169.14,18.11,-0.84,0.2584431131498233,0.25861626741907695,54,3,
375500,DL이앤씨,29020.0,8.7,8625.0,0.6,건설,-1.32,11.86,86.43,-7.14,52.91,0.26018271154109085,0.2561636086376545,55,7,
035250,강원랜드,30572.0,9.61,1487.0,0.72,오락·문화,0.14,8.59,18.13,-0.35,-15.11,0.23897024099234293,0.23938694653425724,56,7,
064400,LG씨엔에스,69661.0,15.81,4548.0,2.38,IT 서비스,1.7,16.74,61.87,6.15,1.09,0.2311342048180026,0.23156850578740995,57,7,
489790,한화비전,25749.0,56.48,903.0,2.97,전기·전자,-2.49,13.63,136.84,8.22,-18.98,0.23153981502347754,0.22899258594258554,58,7,
000270,기아,440776.0,5.91,19111.0,0.72,운송장비·부품,-0.35,11.61,65.14,9.02,-16.28,0.22312159822716848,0.2191279369242386,59,9,
026960,동서,27617.0,19.06,1453.0,1.59,유통,6.95,8.5,4.05,2.01,-13.96,0.1405736348388631,0.21897681640033279,60,-39,
086280,현대글로비스,151125.0,8.72,23117.0,1.46,운송·창고,1.56,15.23,90.32,12.07,-2.33,0.20906094756029264,0.20922063831481902,61,6,
047050,포스코인터내셔널,99572.0,16.21,3491.0,1.44,유통,2.35,12.34,155.76,10.87,28.22,0.12522716732513153,0.20158339338522302,62,-36,
012750,에스원,31577.0,17.68,4699.0,1.6,일반서비스,-0.12,9.04,38.8,-0.71,-26.99,0.19773733010932004,0.19787379994370577,63,4,
090430,아모레퍼시픽,77620.0,38.88,3413.0,1.68,화학,-2.21,5.26,25.85,11.54,27.51,0.2009851044132686,0.1954496239986541,64,6,
000150,두산,217159.0,378.17,3546.0,15.34,전기·전자,-3.11,17.75,161.3,10.4,50.26,0.1860008934850693,0.18221051077864103,65,5,
010120,LS ELECTRIC,314250.0,109.63,1911.0,15.05,전기·전자,1.7,19.31,172.12,32.74,55.73,0.18348672056377863,0.1801253113972305,66,6,
028050,삼성E&A,93590.0,15.16,3150.0,1.97,일반서비스,0.84,14.11,122.37,14.05,36.41,0.17867713481261557,0.17814178565513544,67,6,
298040,효성중공업,259689.0,49.95,55755.0,11.03,전기·전자,-1.31,25.34,213.51,17.06,56.24,0.17403613887622987,0.17038330327867546,68,8,
267270,HD현대건설기계,55999.0,21.0,5613.0,1.13,기계·장비,-1.42,12.72,91.02,152.81,438.08,0.1691412163136491,0.16241875276520432,69,7,
066570,LG전자,351831.0,40.59,5321.0,1.63,전기·전자,2.13,4.29,130.9,9.38,71.34,0.15774158833623905,0.15572324383129948,70,2,
004170,신세계,31358.0,230.56,1440.0,0.65,유통,-0.45,3.45,121.19,7.97,75.74,0.08648197142431999,0.1549947009035226,71,-35,
028260,삼성물산,561100.0,24.43,14165.0,1.13,유통,-0.29,3.99,44.03,13.68,18.62,0.07604961743846408,0.1492596250108834,72,-35,
012330,현대모비스,344462.0,9.66,39682.0,0.7,운송장비·부품,0.39,7.39,45.99,3.9,7.96,0.14383185320548003,0.1453045396611953,73,2,
251270,넷마블,29397.0,13.5,2618.0,0.53,IT 서비스,1.29,6.97,35.79,4.43,-11.7,0.14336109076727183,0.14448128206669936,74,2,
012450,한화에어로스페이스,552760.0,37.52,28573.0,5.69,운송장비·부품,3.68,22.95,190.27,27.54,44.06,0.13589222268777523,0.13627102799455548,75,2,
259960,크래프톤,91419.0,12.9,15438.0,1.26,IT 서비스,-0.3,11.89,32.17,73.26,38.27,0.12983067433344075,0.12802446260028438,76,2,
029780,삼성카드,48603.0,7.52,5575.0,0.51,금융,0.24,7.12,292.22,5.96,-6.01,0.12129230154763859,0.12184267754864567,77,1,
003670,포스코퓨처엠,166240.0,484.2,386.0,4.09,전기·전자,2.3,1.26,103.76,-4.6,91.32,0.12075967536335859,0.11805062868211619,78,4,
402340,SK스퀘어,1530318.0,17.45,66468.0,5.54,금융,0.43,85.62,6.62,624.43,800.83,0.10445744037756309,0.10463258681956991,79,-2,
031210,서울보증보험,29360.0,10.94,3844.0,0.57,보험,-1.18,6.02,85.31,6.66,61.42,0.09437268374754729,0.09670812790694419,80,-1,
278470,에이피알,137024.0,47.51,7704.0,30.73,화학,0.0,81.84,70.07,129.2,137.92,0.07359282386916755,0.06756867245776318,81,0,
052690,한전기술,48578.0,56.89,2234.0,7.74,일반서비스,1.03,6.02,33.54,5.06,300.37,0.05982428136251511,0.05994251253513988,82,3,
000810,삼성화재,279493.0,15.38,40703.0,1.25,보험,0.0,8.13,219.01,1.35,8.89,0.05898381665526935,0.059793890400282185,83,1,
006260,LS,93132.0,35.29,8458.0,1.63,금융,0.17,8.43,269.71,39.0,91.7,0.04763302923222555,0.0462538312345034,84,3,
272210,한화시스템,156614.0,64.66,1282.0,3.2,전기·전자,5.07,4.28,159.15,31.98,108.52,0.04231541020126481,0.0420906195915485,85,2,
034020,두산에너빌리티,519495.0,614.39,132.0,6.67,기계·장비,-1.22,2.3,136.43,8.04,32.45,0.04148300506711186,0.04020047180042019,86,3,
022100,포스코DX,31699.0,60.79,343.0,5.56,일반서비스,1.71,5.74,45.1,-16.77,-66.16,0.033598142221735405,0.03406619793755307,87,0,
003550,LG,167974.0,24.01,4628.0,0.6,금융,1.18,2.61,9.81,5.53,3.48,0.026738686092827077,0.027382520091332054,88,1,
000720,현대건설,127391.0,34.46,3320.0,1.56,건설,-2.39,5.19,155.21,-13.53,2.79,0.027923533498169326,0.026675613533789274,89,1,
010950,S-Oil,187113.0,109.49,1518.0,2.18,화학,11.69,16.33,199.86,19.06,0.0,0.023058828187219993,0.01967447177972607,90,0,
017670,SK텔레콤,189874.0,46.5,1901.0,1.46,통신,2.43,5.48,109.29,-0.47,21.86,0.017195537829474916,0.016396006198574887,91,1,
006360,GS건설,28285.0,30.24,1093.0,0.59,건설,0.3,2.8,229.04,-17.24,-29.09,0.005154610406117255,0.0034173050115174058,92,-1,
000500,가온전선,97968.0,184.11,1787.0,20.25,전기·전자,3.46,13.13,213.29,27.32,41.78,-0.00635517324780821,-0.009548273638637616,93,1,
082740,한화엔진,40555.0,23.34,2082.0,7.29,기계·장비,0.21,0.0,234.09,0.22,59.2,-0.05308558344705915,-0.05414098309871022,94,-1,
035420,NAVER,292325.0,15.53,12376.0,1.04,IT 서비스,0.52,7.24,43.92,16.27,3.43,-0.05377898542173783,-0.0575515126065213,95,-2,
005380,현대차,705011.0,9.81,35331.0,0.79,운송장비·부품,-0.72,7.01,191.33,2.65,-25.84,-0.08486320103234898,-0.08747501008282696,96,-2,
112610,씨에스윈드,23363.0,67.31,823.0,1.99,금속,1.47,0.35,161.71,-9.95,-13.09,-0.11008642193694478,-0.10939253251052125,97,1,
377300,카카오페이,54323.0,119.85,335.0,2.86,금융,0.25,4.56,236.54,41.13,561.2,-0.11920984637680762,-0.11946140020603002,98,0,
307950,현대오토에버,104897.0,57.48,6654.0,5.68,IT 서비스,0.66,10.52,83.21,16.61,3.37,-0.13152062027775147,-0.13263381114531086,99,1,
001040,CJ,38368.0,32.72,4019.0,0.85,금융,-0.08,0.89,176.14,5.8,-13.68,-0.16497089664742443,-0.16512562495514815,100,-2,
