rank,code,종목명,섹터,price,score,chg,ret20,ret5,vol20,per,pbr,per_pct,pbr_pct,per_rank,pbr_rank,sec_n,hi60,liq5,asof
1,003490,대한항공,운송·창고,31550.0,3.2337188911077783,0.0015873015873015817,0.11879432624113484,0.0731292517006803,0.024726464641252513,14.95,1.06,0.8823529411764706,0.625,15.0,15.0,17.0,1.0,110074657805.0,20260928
2,066570,LG전자,전기·전자,213500.0,2.8850038308954886,0.021531100478468845,0.0766515380736259,0.07882769075290552,0.03382036694050285,40.12,1.61,0.5714285714285714,0.44776119402985076,28.0,30.0,49.0,0.9861431870669746,179085938270.0,20260928
3,010950,S-Oil,화학,161600.0,2.6923129694680177,0.03856041131105403,0.18215069495245073,0.06176084099868584,0.03569798902010149,106.46,2.12,0.948051948051948,0.8686868686868687,73.0,86.0,77.0,0.974080771549126,57835735690.0,20260928
4,014680,한솔케미칼,화학,237000.0,2.6380852029402493,0.0021141649048626032,0.15048543689320382,0.10232558139534875,0.027063780246182605,18.24,2.38,0.5844155844155844,0.8787878787878788,45.0,87.0,77.0,0.7796052631578947,14218617400.0,20260928
5,005690,파미셀,전기·전자,12280.0,2.4352687408470572,-0.020733652312599715,0.13075506445672191,0.060449050086355705,0.031159241282681178,116.95,8.52,0.8367346938775511,0.835820895522388,41.0,56.0,49.0,0.9022777369581191,42722140635.0,20260928
6,112610,씨에스윈드,금속,52700.0,2.270986929048349,0.05189620758483038,0.0571715145436309,0.02131782945736438,0.024883548219865805,64.03,1.89,0.9705882352941176,0.9107142857142857,33.0,51.0,34.0,0.9943396226415094,15601105295.0,20260928
7,138040,메리츠금융지주,금융,132600.0,2.125663175055782,0.05573248407643305,0.11428571428571432,0.049050632911392444,0.027572753989667378,10.44,2.16,0.6031746031746031,0.9324324324324325,38.0,69.0,63.0,0.9685902118334551,25487309640.0,20260928
8,024110,기업은행,금융,20850.0,1.6241448825246354,0.022058823529411686,0.017073170731707332,0.03473945409429291,0.012815450508754815,6.13,0.46,0.2698412698412698,0.4189189189189189,17.0,31.0,63.0,0.9652777777777778,20427070153.0,20260928
9,316140,우리금융지주,금융,36250.0,1.5716591949578147,0.02545968882602545,0.10015174506828539,-0.0013774104683195176,0.021211065424640657,8.59,0.74,0.5238095238095238,0.6621621621621622,33.0,49.0,63.0,0.9837177747625508,68144402595.0,20260928
10,138930,BNK금융지주,금융,16500.0,1.566641018528939,0.0331872260488415,0.10220440881763526,0.04961832061068705,0.0181454448632226,6.42,0.47,0.31746031746031744,0.4391891891891892,20.0,32.5,63.0,0.8785942492012779,16148271411.0,20260928
