ticker,market_cap,pe,pb,roe,rev_growth,earn_growth,debt_equity
AMD,453890113536,106.25574,7.202846,0.07082,0.341,2.171,6.359
AOS,8963952640,16.836365,4.8333454,0.29197,0.0,0.191,10.974
A,34469666816,26.902868,4.9873137,0.19945998,0.07,-0.036,51.39
AES,10318146560,11.045802,2.5363717,0.01954,0.047,-0.317,259.393
ABT,168225079296,27.117647,3.225065,,0.078,-0.197,26.787
MMM,81401487360,25.758333,17.429796,0.75501,0.02,-0.199,276.638
ACN,121640747008,16.200819,3.8936603,0.24763,0.083,0.04,25.469
ABBV,368574726144,87.55462,-112.63784,62.25,0.1,,
AFL,60021522432,16.767202,2.0142467,0.13118,-0.099,-0.229,42.682
ADBE,99646849024,14.2453375,8.680753,0.58774,0.12,0.111,58.34
APD,64973246464,,4.2159324,-0.01667,0.058,0.097,101.991
ABNB,84861206528,35.12407,10.392805,0.30233,0.12,-0.237,27.698
ARE,8427597312,,0.5360864,-0.05856,-0.052,,66.615
ALB,23312132096,,3.1895676,-0.04656,0.159,,33.954
ALGN,13612295168,33.64071,3.3499007,0.103870004,0.053,0.356,2.826
LNT,18810275840,23.194267,2.5534675,0.11299,0.09,-0.058,168.08
AKAM,14117217280,31.234528,2.7879052,0.091730006,0.074,-0.374,114.024
GOOGL,4133303091200,31.637035,9.946147,0.35705003,0.18,0.311,16.133
ALLE,12432517120,19.371813,6.007576,0.36084,0.093,0.033,104.0
ALL,56101269504,5.677962,1.9644659,0.39518002,0.051,1.032,25.091
GOOG,4105721872384,31.338873,9.879777,0.35705003,0.18,0.311,16.133
AEE,31181584384,21.06729,2.3246844,0.11337,-0.088,0.195,147.125
AMCR,19378196480,31.533833,1.665343,0.07734,0.681,-0.321,138.731
AMZN,2694585253888,34.945606,6.541012,0.22286,0.136,0.05,43.435
MO,107285700608,15.575243,-30.673996,,-0.005,-0.629,
AEP,72652693504,20.06907,2.321655,0.12486,0.132,-0.126,154.237
AXP,227743006720,21.552307,6.7974834,0.33992,0.106,0.166,190.921
AIG,42216513536,14.489872,1.0292906,0.07399,-0.072,-0.056,24.408
AMT,85047246848,33.77037,23.28099,0.2628,0.075,-0.332,434.211
AWK,25700814848,23.130053,2.3703265,0.10496,0.058,0.0,146.987
AMP,42383585280,12.5778885,6.357391,0.60508,0.086,-0.011,57.597
APH,185717784576,45.227547,13.814357,0.36851,0.491,0.576,118.935
AMGN,191530729472,24.933332,22.110895,1.0610299,0.086,1.121,640.275
AME,54118993920,36.915623,5.091152,0.14594,0.134,0.036,24.194
ADI,181343436800,68.031136,5.367232,0.07862,0.304,1.167,25.753
AON,71315521536,19.49471,7.610266,0.4694,0.037,1.383,168.318
APA,12630531072,8.957394,2.0704439,0.2532,-0.28,-0.182,68.685
AAPL,3971820552192,34.249683,45.053352,1.5202099,0.157,0.183,102.63
AMAT,315015495680,40.670082,14.50539,0.38863,-0.021,0.752,33.108
APO,72332263424,22.454054,3.2882137,0.14698,0.877,-0.573,99.468
ACGL,34768662528,8.4129305,1.4928637,0.19540001,0.085,0.388,11.919
APTV,14973329408,79.49333,1.377637,0.01948,0.05,-0.434,85.209
ADM,32306247680,30.06278,1.4155406,0.04721,-0.137,-0.197,42.376
ARES,38975684608,68.87719,9.284982,0.13520001,0.195,-0.814,163.448
AJG,56975929344,38.608017,2.442172,0.06906,0.367,-0.483,58.354
ANET,206793392128,59.937954,16.681562,0.314,0.289,0.191,0.732
APP,161272135680,47.62475,75.62599,2.12945,0.659,0.847,171.801
AIZ,11339486208,13.460993,1.931479,0.15899,0.079,0.151,38.845
T,185585303552,8.720395,1.6878899,0.18805,0.036,-0.056,124.179
ATO,30860980224,24.320728,2.1606283,0.09237,0.142,0.094,67.443
AVB,24359114752,23.466936,2.0953379,0.088879995,0.037,-0.409,80.256
ADP,81079836672,19.275963,12.636787,0.73843,0.062,0.115,70.044
AVY,13266649088,19.599998,5.9139376,0.30212998,0.039,-0.006,176.335
BKR,59287252992,22.992308,3.1321385,0.14552,0.003,-0.256,35.255
AZO,59186552832,24.99916,-20.2877,,0.082,-0.023,
ADSK,51308240896,46.275333,16.85024,0.39675,0.194,0.063,89.787
AXON,32458510336,270.36914,9.965122,0.04476,0.385,-0.98,59.107
BALL,17161549824,19.539394,3.1564522,0.16122,0.162,,136.027
BAX,9659083776,,1.5698942,-0.13713,0.08,,160.275
BAC,385225162752,13.410448,1.3943202,0.10644,0.118,0.233,
BDX,57438265344,25.905228,1.7855815,0.0696,0.016,0.286,77.284
TECH,9266728960,111.75472,4.591117,0.03966,-0.004,0.091,17.449
BRK-B,1023607767040,15.289303,0.00095170486,0.09809,-0.007,-0.025,18.809
BBY,13772742656,13.041667,4.6370373,0.37041,-0.01,3.725,139.474
BLK,163651469312,26.45562,2.9193106,,0.27,0.459,24.367
BIIB,26027626496,20.15341,1.4260443,0.07394,-0.071,,36.466
BX,157769580544,33.354008,11.666667,0.29228002,0.506,0.425,66.531
BA,175541878784,90.07258,32.173412,2.90084,0.571,,1032.894
BK,92979470336,16.741018,2.3504646,0.13472,0.134,0.418,
XYZ,43302211584,33.933334,1.9322649,0.060100004,0.036,-0.939,40.444
BKNG,152039981056,29.004532,-27.445683,,0.16,0.384,
BSX,95457034240,33.10825,3.9306042,0.12445,0.159,0.185,48.921
BMY,122851213312,17.390173,6.6317644,0.40442002,0.013,13.921,254.982
BRO,23053244416,21.43038,1.8135077,0.11226,0.362,-0.162,62.976
AVGO,1927517437952,79.40234,24.105545,0.33370999,0.295,0.316,82.704
BR,19020699648,18.022123,6.603437,0.41793,0.078,1.017,117.175
BXP,10278157312,33.36207,1.7881345,0.04916,-0.319,,225.995
BLDR,9788549120,22.750643,2.248647,0.10064,-0.121,-0.829,117.187
BF-B,13371209728,16.947674,3.2756488,0.20417,0.02,0.013,67.246
BG,23113830400,24.19067,1.4503223,0.05964,0.755,-0.888,91.006
CHRW,21617461248,37.73085,11.694046,0.32911,-0.065,-0.085,75.604
CDNS,85872910336,76.42014,15.442629,0.21855,0.062,0.146,48.707
CPT,10828721152,29.20904,2.521029,0.08598,0.022,2.876,88.402
CPB,6258095104,11.407608,1.561756,0.13891,-0.045,-0.172,185.001
COF,128410214400,61.267063,1.1927373,0.02394,0.516,0.222,
CAH,50355273728,30.78993,-17.511457,,0.188,0.194,
CCL,40473776128,12.872247,3.105537,0.27853,0.061,,203.901
CVNA,85529124864,45.861538,16.018269,0.67946,0.58,9.467,133.119
CARR,51253948416,36.284023,3.7143373,0.10925,-0.06,-0.978,87.719
CAT,371880001536,42.201275,17.344,0.43526,0.18,-0.114,206.67
CBOE,31416397824,28.812681,6.108633,0.2336,0.087,0.605,30.958
CASY,27975153664,43.300056,7.24508,0.17882,0.003,0.498,75.146
CBRE,44719472640,39.353245,4.9685183,0.13572,0.118,-0.121,106.244
CDW,17279981568,16.579208,6.6514406,0.43018,0.063,0.088,236.871
COR,63720472576,39.370193,33.390415,1.33467,0.055,0.148,472.584
CNC,18770954240,,0.940727,-0.28678,0.232,,90.556
CNP,28129019904,26.875,2.5171223,0.096429996,0.107,0.052,206.599
CF,17315401728,12.5618725,3.576348,0.23401,0.228,0.371,46.765
SCHW,161693974528,18.345924,3.8033218,0.1909,0.158,0.386,67.073
CHTR,29963556864,6.5364637,1.8664268,0.28667998,-0.023,0.024,482.329
CVX,366489468928,27.793053,1.9541183,0.07231,-0.082,-0.238,24.323
CRL,9072999424,,2.85972,-0.04232,-0.008,,81.947
CMG,47377223680,31.429827,16.51152,0.47355,0.049,0.04,179.319
CB,129388011520,12.887806,1.7542473,0.14337,0.055,0.279,30.944
CHD,22948458496,32.079468,5.726106,0.1762,0.039,-0.208,59.517
CIEN,71782801408,323.2038,25.704372,0.08201,0.331,2.323,56.931
CI,74431946752,12.56267,1.7599243,0.1513,0.104,-0.093,75.137
CINF,25971574784,11.003959,1.6293085,0.16036,0.218,0.673,5.568
CSCO,340781891584,31.02518,7.1369467,0.23754999,0.097,0.312,66.509
CTAS,71683604480,37.72,14.967004,0.41303003,0.089,0.097,60.943
C,231224983552,16.338688,1.1778228,0.07649,0.169,0.561,
CFG,27457218560,15.2725115,1.1411523,0.07739,0.138,0.468,
CME,104361746432,25.77509,3.5941424,0.1475,0.08,0.35,13.078
CLX,12756708352,17.116203,-101.1412,9.87179,-0.008,-0.162,9191.429
CMS,23946739712,22.088068,2.6708117,0.108559996,0.123,0.066,194.861
KO,325996544000,24.914473,10.128376,0.43323,0.024,0.036,139.793
CTSH,29586227200,13.442983,1.95553,0.15158,0.049,0.221,7.819
COHR,64684986368,331.75,7.5725384,0.032360002,0.175,0.73,39.901
CL,68845527040,32.627373,1280.7462,4.9747,0.058,,2343.562
COIN,55638454272,46.262333,3.7356968,0.10055,-0.222,,53.119
CMCSA,107968593920,5.497217,1.1020606,0.2141,0.012,-0.525,107.863
FIX,58070081536,57.14924,89.919365,0.49238998,0.01,0.388,45.489
ED,40581599232,19.530142,1.6443734,0.08767,0.089,-0.083,117.317
CAG,7109575680,,0.87083924,-0.00511,-0.019,0.39,89.813
COP,141840236544,18.274015,2.2046168,0.12357,-0.068,-0.39,37.828
STZ,28251953152,16.886578,3.6490376,0.22636999,-0.113,,126.012
CEG,107315298304,39.974358,6.3733964,0.16364,0.129,-0.489,63.94
CPRT,32380190720,21.037735,3.291675,0.17129,-0.036,-0.1,0.98
COO,13669713920,34.85572,1.6342812,0.04868,0.062,0.269,33.201
GLW,141204865024,90.31868,11.93148,0.14904,0.204,0.774,76.192
CPAY,22772353024,22.264805,5.8902016,0.29071,0.207,0.09,243.348
CTVA,54030577664,45.90857,2.2366369,0.04974,-0.017,,12.282
COST,443820572672,52.077602,26.822523,0.29650998,0.215,0.455,60.257
CSGP,16834241536,1986.0001,1.9916762,0.00088,0.269,-0.259,13.666
CRH,78212874240,21.243195,3.2605367,0.15684,0.062,0.484,77.341
CRWD,107519696896,,24.256208,-0.04137,0.233,,18.336
CCI,38710149120,35.20238,-23.599361,,-0.043,,
CTRA,23456403456,13.790178,1.5821552,0.12275,0.234,0.206,26.984
CMI,86712287232,30.57923,7.0137887,0.23928,0.011,0.414,60.516
CSX,80574898176,28.129871,6.1238337,0.22511,-0.009,-0.004,148.222
CVS,99068018688,55.611515,1.3062508,0.022869999,0.084,0.766,106.06
DRI,23151048704,21.187567,10.961078,0.51539004,0.059,-0.033,387.681
DDOG,44801118208,422.03333,11.959006,0.03343,0.292,-0.033,34.269
DHR,137824452608,38.794823,2.6205661,0.07053,0.046,0.125,37.487
DVA,9887635456,15.553102,-15.572752,0.64848,0.099,0.065,1111.353
DE,159487557632,33.34049,6.064148,0.19566,-0.111,-0.085,376.022
DELL,130251644928,22.617952,-51.88754,,0.395,0.573,
DAL,47119618048,10.470074,2.299971,0.2499,0.129,,105.021
DECK,16396293120,15.980114,6.136141,0.39688,0.071,0.11,13.14
DVN,27486961664,10.606714,1.7716804,0.17736,-0.121,-0.085,55.951
DXCM,24688154624,30.612442,8.965807,0.34497002,0.131,0.78,50.852
FANG,50712068096,31.460733,1.3876424,0.03735,-0.094,,33.784
DG,27898269696,18.493431,3.27745,0.18992001,0.059,1.219,184.665
DLR,71227179008,56.877094,3.1520123,0.05469,0.171,-0.534,81.655
DASH,79886663680,86.33333,7.9592276,0.10439,0.377,0.477,32.749
DLTR,21064517632,17.833334,5.600021,0.31693,0.09,,187.904
D,54864977920,17.988472,1.9531274,0.09741,0.204,3.655,150.094
DOV,29545232384,27.486828,3.9891837,0.15285,0.088,-0.801,48.404
DOW,25618448384,,1.5950534,-0.13818,-0.091,,111.871
DPZ,12511967232,21.187927,-3.2071648,,0.064,0.095,
DHI,43609624576,13.619091,1.8136585,0.13477,-0.095,-0.222,22.872
DTE,30575970304,20.907537,2.481848,0.12177,0.289,0.255,213.601
DUK,99635085312,20.290016,1.9581242,0.09724,0.08,-0.022,171.838
DD,19407683584,225.4762,1.391992,0.0051700003,,,24.484
ETN,157771956224,38.909004,8.111708,0.21525998,0.131,0.189,54.877
EBAY,47301799936,24.565727,10.181942,0.40847,0.15,-0.184,155.623
SATS,38481158144,,6.6728454,-1.11347,-0.043,,532.734
ECL,77610049536,37.74725,7.93188,0.22516,0.048,0.202,91.769
EIX,27232096256,6.125541,1.5937197,0.24103001,0.308,4.463,215.738
EW,47038992384,44.745857,4.5494885,0.10353,0.133,-0.766,6.824
EA,51009216512,76.34082,8.288131,0.10027,0.01,-0.685,36.443
ELV,71298637824,12.819444,1.6249263,0.1325,0.095,0.363,74.388
ETR,52884893696,29.620512,3.0877793,0.10774,0.079,-0.208,181.79
EMR,82292916224,35.870102,4.056264,0.09646,0.041,0.049,69.283
EME,36083523584,28.573202,9.767579,0.3849,0.197,0.53,12.913
EPAM,7110743040,19.544643,1.938512,0.10335,0.128,0.099,3.907
EOG,68901601280,14.082236,2.314638,0.16829,0.0,-0.417,30.62
EQT,36507541504,17.667673,1.5364809,0.09007,0.269,0.546,28.932
EQR,24395741184,21.39249,2.1480465,0.100200005,0.02,-0.088,74.323
EFX,23670921216,36.883457,5.1310077,0.13757,0.092,0.024,110.637
EQIX,107363500032,79.34548,7.5537763,0.09722,0.081,,160.291
ERIE,12801082368,22.87944,5.606165,0.26194,0.029,-0.584,2.712
ESS,17629028352,24.516348,2.9651122,0.12235,0.032,-0.687,119.433
EL,27563599872,,6.836533,-0.04341,0.056,,232.945
EVRG,18968506368,22.505465,1.8555982,0.08569,0.066,0.047,149.917
EG,14196733952,9.301137,0.9252731,0.10847,-0.029,,24.481
ES,26027290624,15.186403,1.6050527,0.10777,0.134,4.662,184.946
EXC,48109694976,17.223444,1.6696258,0.09936,-0.011,-0.093,174.488
EXPE,32574670848,27.098877,25.36157,0.48672,0.114,-0.273,254.692
EXE,23034959872,12.65786,1.2339828,0.100659996,0.383,,27.495
EXPD,19665092608,24.756304,8.371697,0.35431,-0.033,-0.115,24.197
XOM,608686571520,21.824142,2.35931,0.110810004,-0.013,-0.11,18.936
EXR,32070821888,31.668844,2.2849238,0.07008,0.046,0.158,98.679
FFIV,17660864512,25.712986,4.9980702,0.20844,0.073,0.099,7.566
FDS,8634110976,14.966559,4.0051284,0.28084,0.071,-0.045,72.972
FICO,25466185728,39.68651,-14.108557,,0.164,0.077,
FRT,9780817920,24.044872,3.1426816,0.12235,0.075,0.987,143.64
FAST,52570480640,40.513275,13.174101,0.33842,0.124,0.138,11.167
FSLR,20462923776,13.40183,2.142592,0.1745,0.111,0.323,6.871
FDX,93624516608,20.96047,3.146516,0.15869,0.083,0.173,140.994
FITB,45599129600,16.949495,1.6680473,0.07969,0.33,-0.789,
FE,28977772544,28.465908,2.3141947,0.09195,0.207,,192.755
FIS,25115760640,66.438354,1.7935727,0.026010001,0.082,0.881,95.893
FISV,34209718272,10.089906,1.3244307,,,,
F,51622629376,,1.4279375,-0.20193,-0.048,,460.639
FTV,19221856256,38.062893,2.9390056,0.06396,0.046,-0.026,51.177
FTNT,60860162048,33.81818,49.123646,1.3571601,0.148,-0.011,85.802
FOXA,27680522240,15.604316,2.5322022,0.16823,0.02,-0.358,67.389
FOX,27324958720,14.035971,2.2776978,0.16823,0.02,-0.358,67.389
GRMN,51473227776,31.167833,5.7408442,0.19783,0.166,0.212,2.184
GEHC,34066624512,16.40879,3.2783,0.22378,0.071,-0.177,98.717
IT,10893024256,16.022799,34.245846,0.86861,0.022,-0.342,1046.535
BEN,14218323968,25.25,1.1685307,0.04464,0.034,0.606,24.587
GE,320800555008,37.73325,17.07732,0.44692,0.176,0.374,114.07
FCX,100905926656,46.19079,5.334701,0.13946,-0.015,0.477,34.103
GEN,12408328192,20.742268,5.22869,0.26902,0.258,0.201,363.379
GNRC,12446891008,78.84759,4.727727,0.06283,-0.116,,52.479
GEV,270270676992,56.813034,24.178965,0.42641,0.038,6.717,9.727
GD,91082752000,21.780441,3.5435503,0.17658001,0.078,0.004,38.205
GM,75860279296,24.868502,1.2027806,0.04318,-0.051,,208.299
GILD,170839277568,20.270987,7.52419,0.40655,0.047,0.234,112.923
GIS,18945683456,8.679707,3.4286265,0.23591,0.022,-0.145,217.629
GL,11941834752,10.785511,2.0103521,0.20589,0.036,0.095,51.258
GPN,20256458752,16.336344,0.74837387,0.04824,-0.0,-0.592,93.316
GPC,15830705152,242.10638,3.5404482,0.015,0.041,,156.063
GDDY,11584337920,13.781351,53.709274,1.92901,0.068,0.317,1795.723
GS,274778374144,16.9216,2.597532,0.14591,0.145,0.243,608.943
HIG,38576713728,10.4906225,2.0769653,0.21656,0.067,0.382,23.937
HAS,13667621888,,25.325861,-0.36355,0.313,,600.584
HAL,31114921984,24.766668,2.9653578,0.12274,0.008,-0.005,79.162
HCA,109127639040,17.213404,-18.185884,,0.067,0.445,
HSIC,9045588992,24.107035,2.8124444,0.08701,0.077,0.136,71.736
HSY,39044362240,44.4873,8.426878,0.1889,0.07,-0.598,123.763
HPE,35133698048,,1.4183028,-0.00471,0.184,-0.303,87.223
DOC,12076608512,173.70001,1.6096748,0.01164,0.031,24.484,122.183
HLT,78195318784,55.90656,-14.585151,,0.07,-0.385,
HD,348012052480,24.571026,27.161068,1.45541,-0.038,-0.142,514.392
HON,147989692416,33.652737,10.6712055,0.26136,-0.033,-0.764,236.613
HST,14711695360,19.2,2.2149975,0.11489,0.128,0.271,83.779
HUBB,28471758848,32.360725,7.4121184,0.24542,0.119,0.138,64.473
HRL,11660522496,23.80899,1.468672,0.061160002,-0.029,-0.051,4.244
HWM,102516367360,68.919136,19.182983,0.30443,0.146,0.203,60.022
HUM,24739057664,20.826395,1.4010382,0.07039,0.113,,74.815
HBAN,34325467136,12.122303,1.2223432,0.10095,0.103,-0.109,
HPQ,18249531392,7.5303025,-23.808382,,0.069,-0.017,
HII,15546501120,25.637014,3.0540085,0.124239996,0.157,0.281,58.762
IBM,237858553856,22.773584,7.2742143,0.35158002,0.122,0.899,197.328
IEX,15309704192,32.175,3.8141809,0.1234,0.042,0.055,48.251
IDXX,46918459392,45.049694,29.257696,0.66202,0.143,0.179,60.827
INCY,19467595776,15.26053,3.7568169,0.2987,0.278,0.436,1.063
ITW,78465335296,25.97901,24.363312,0.93718004,0.041,0.073,285.524
IR,33900474368,59.172413,3.325968,0.057729997,0.101,0.184,50.699
PODD,14341745664,58.543102,9.464369,0.18124,0.312,0.039,66.176
IBKR,138922557440,36.806305,6.786545,0.23507999,0.152,0.303,124.331
IFF,19385630720,,1.3708133,-0.02559,-0.066,,46.884
IP,19659823104,,1.3223406,-0.24678,0.531,,71.073
INTC,343939219456,,2.9933577,0.00022,-0.041,,37.282
ICE,91567636480,27.944542,3.1618168,0.11885,0.078,0.234,70.077
ISRG,166649167872,59.544415,9.34793,0.16690001,0.188,0.166,0.953
INTU,109431283712,25.56892,5.726747,0.23457001,0.174,0.485,36.148
IVZ,11023418368,,1.1332389,-0.01219,0.062,,17.161
IQV,29945264128,22.5364,4.6021442,0.21438,0.103,0.236,245.928
IRM,35123322880,236.14,-35.595417,,0.166,-0.142,
JBL,33968941056,43.296097,25.327927,0.59696996,0.231,0.962,328.91
INVH,16471706624,28.156252,1.7323593,0.060939997,0.043,0.024,88.124
JBHT,23185567744,37.996902,6.429677,0.16676001,0.046,0.271,36.247
J,15225124864,34.018467,4.402144,0.09726,0.123,,65.173
JKHY,11150420992,22.135057,5.04668,0.24284,0.079,0.284,3.109
JNJ,564350156800,21.231188,6.9151034,,0.099,-0.529,60.499
JPM,836862214144,14.860633,2.4169652,0.16465001,0.127,0.172,
JCI,86221758464,47.113712,6.529316,0.12640001,0.068,0.342,73.339
KVUE,33809727488,23.171053,3.1345675,0.14388,0.032,0.112,80.576
KDP,36045414400,17.33987,1.412673,0.08356,0.105,,75.384
KEY,23702988800,13.374232,1.3440198,0.09972,0.117,0.337,
KEYS,57345249280,58.86268,9.240762,0.17222999,0.233,0.68,44.674
KIM,16313814016,29.5,1.5691489,0.055370003,0.032,-0.068,78.678
KKR,95945973760,44.273506,3.2566326,0.08558,0.763,-0.022,68.611
KMI,71238705152,23.372263,2.286,0.09826,0.131,0.493,99.71
KMB,32807540736,20.337448,21.843092,1.26603,-0.006,0.11,464.785
KHC,26598744064,,0.63855183,-0.12837,-0.034,-0.692,52.1
KLAC,235381473280,52.07674,42.982864,1.00726,0.072,0.409,111.778
LH,22304030720,25.902391,2.581248,0.10509,0.056,0.157,75.561
KR,43153985536,44.279224,7.370299,0.14405,0.012,0.509,415.97
LHX,65440436224,41.169212,3.408704,,1.9,-0.061,34.574
LRCX,336113631232,54.94867,33.00037,0.65565,0.221,0.37,44.195
LVS,38728933376,24.52766,24.465195,0.73263,0.26,0.293,829.059
LDOS,19612352512,13.929084,3.9891512,0.31034002,-0.036,0.197,107.658
LII,16960139264,21.364473,14.572788,0.75833,-0.112,-0.179,152.24
LLY,829709287424,40.323185,31.260496,1.01159,0.426,0.514,165.31
LEN,22854019072,13.35108,1.0445442,0.08076,-0.133,-0.526,24.992
LYV,36760588288,,135.19862,0.36701,0.111,,572.032
L,22943987712,13.971142,1.2275789,0.09431,0.041,1.26,50.221
LIN,228096507904,33.668262,5.9677987,0.17817,0.058,-0.094,70.63
LMT,136477360128,27.54372,20.177519,0.76865,0.091,1.61,338.804
LOW,140979159040,21.224283,-14.239973,,0.109,-0.11,
LULU,19623804928,12.605877,3.927498,0.34013,0.008,-0.185,36.245
MTB,32491321344,12.284672,1.2586724,0.102910005,0.057,0.244,
LITE,63836598272,256.1805,75.4044,0.29275,0.655,,392.476
MPC,62983024640,16.151928,3.640871,0.24193001,-0.012,3.507,142.647
MAR,100145610752,39.69853,-26.64481,,0.063,0.016,
MRSH,84928266240,21.975,5.6449285,0.27571,0.076,-0.154,151.634
LYB,21389918208,,2.117117,-0.06949,-0.092,,144.156
MLM,37515300864,38.020782,3.7394269,0.10159001,0.086,-0.041,59.866
MAS,13556160512,17.248705,-73.48786,71.5,-0.019,-0.059,4230.263
MKC,14606252032,8.906558,2.091546,0.25347,0.167,5.283,65.158
MCK,106934378496,24.996538,-82.09798,,0.114,0.38,
MRK,294387712000,16.355768,5.601186,0.36882,0.05,-0.193,95.959
MA,465227776000,31.536598,60.238037,2.09915,0.176,0.242,256.042
MDT,110658043904,24.07542,2.2581153,0.0939,0.087,-0.118,57.06
META,1747831357440,29.324957,8.018797,0.30238,0.238,0.107,39.164
MET,51446259712,16.577496,1.8018185,0.12020001,0.276,-0.342,225.974
MCD,221323280384,26.033443,-123.6046,,0.097,0.082,
MTD,27247622144,31.850319,-1154.677,,0.081,0.17,
MGM,10554613760,50.776318,4.1022644,0.1489,0.06,1.157,963.089
MCHP,42619830272,,6.496742,-0.010930001,0.156,,82.382
MU,513197932544,21.455446,7.084235,0.39823002,1.963,7.56,14.902
MSFT,3142335070208,26.457449,8.035542,0.34390998,0.167,0.598,31.539
MRNA,21304645632,,2.4469345,-0.28868,-0.298,,15.087
TAP,8395641856,,0.83162373,-0.18172,-0.027,-0.125,61.772
MAA,15332695040,33.93634,2.640606,0.07645,0.01,-0.658,93.305
MDLZ,73477890048,30.291006,2.839641,0.09332,0.093,-0.604,84.848
MNST,75052933120,39.54639,9.091125,0.26815,0.176,0.666,0.8
MCO,81054064640,33.334553,19.941753,0.62078,0.13,0.576,176.813
MPWR,72122417152,113.649376,20.252544,0.19173999,0.208,-0.862,0.683
MSI,73455345664,34.71799,30.387789,1.04197,0.123,0.086,402.39
MS,299819794432,17.087784,2.933491,,0.163,0.319,455.747
NDAQ,50595909632,28.676376,4.1300397,0.15253,0.134,0.476,77.878
NFLX,410858586112,31.491909,15.436231,0.48494998,0.162,0.864,53.788
NTAP,20703248384,17.53859,17.874487,1.12587,0.044,0.16,236.097
MOS,7809492480,14.452941,0.64532226,0.048249997,0.056,,43.154
MSCI,41773666304,36.236458,-15.755855,,0.106,-0.023,
NEM,126737342464,18.260187,3.7444155,0.22343999,0.206,-0.046,16.738
NWS,16439382016,38.909092,1.9001712,0.06329,0.055,-0.099,30.892
NWSA,14987316224,33.77922,1.649648,0.06329,0.055,-0.099,30.892
NEE,191806160896,27.872728,3.5085447,0.083739996,0.207,0.26,146.242
NI,23117938688,24.774359,2.4458282,0.0907,0.198,0.111,139.284
NDSN,15724839936,30.474596,5.0527883,0.17473,0.088,0.442,66.986
NSC,67906093056,23.697493,4.3648596,0.19248,-0.017,-0.114,114.742
NTRS,30099922944,18.210527,2.4565141,0.13492,0.082,0.076,
NOC,94488977408,22.884762,5.6654034,0.26167,0.096,0.152,107.257
NKE,68165230592,30.282894,4.836608,0.16016,0.001,-0.348,79.333
NCLH,9561903104,22.815216,4.3242683,0.23285,0.064,,703.028
NRG,35621859328,41.827927,30.96935,0.41548002,0.137,-0.913,989.054
NUE,44614209536,26.046541,2.1358936,0.09361,0.086,0.342,32.765
NVDA,4901832228864,41.15918,31.161926,1.01485,0.732,0.956,7.255
ORLY,78574616576,31.552189,-103.318634,,0.078,0.139,
NXPI,54589235200,27.173586,5.431984,0.20698999,0.072,-0.068,119.711
NVR,19558889472,16.025547,5.0708776,0.33185002,-0.05,-0.131,28.342
ODFL,45533274112,45.084885,10.534565,0.2393,-0.057,-0.105,3.28
OMC,24414160896,,2.0448105,0.00479,0.279,,86.307
OXY,53343285248,39.844444,1.9115139,0.05929,1.489,,63.804
ON,32707645440,286.2414,4.2919188,0.01498,-0.112,-0.487,42.294
OKE,52613857280,15.407749,2.338757,0.15489,0.295,-0.015,146.453
ORCL,503480614912,31.429083,15.006,0.57572,0.217,0.245,415.265
OTIS,31734560768,23.265715,-5.8866477,,0.033,0.135,
PKG,19037245440,24.87063,4.1125116,0.17198,0.101,-0.565,94.93
PLTR,350117396480,232.36508,47.39074,0.25983,0.7,6.476,3.063
PANW,136965603328,93.25001,12.562683,0.16259001,0.149,0.605,4.887
PSKY,13051839488,391.33334,1.1285206,-0.00863,0.021,,117.11
PCAR,66394173440,27.993347,3.4433382,0.12922,-0.137,-0.359,81.937
PH,124802899968,36.100765,8.72073,0.25781,0.091,-0.09,68.925
PEP,215525572608,24.751963,10.562031,0.43879002,0.085,0.278,244.837
PNR,14867509248,23.175573,3.8425517,0.17478001,0.049,0.016,45.645
PAYX,32948428800,20.30022,8.209249,,0.199,0.091,124.91
PYPL,46778966016,9.391868,2.3077621,0.25732002,0.037,0.394,60.703
PFE,156771090432,20.264706,1.8120849,0.08886,-0.012,,77.957
PNC,90681810944,13.055169,1.6008346,0.12104,0.138,0.178,
PCG,38010322944,14.627119,1.2253301,0.08207,0.026,-0.033,187.043
PM,245920481280,21.734158,-24.57788,,0.068,,
PSX,62701645824,14.492122,2.1560543,0.15427,0.013,2427.284,71.38
PNW,12591508480,20.60198,1.7851444,0.09059,0.03,,201.771
PPL,29349482496,24.54088,1.9693147,0.08157,0.028,0.499,131.147
PFG,20853035008,18.318094,1.7591323,0.10524,-0.037,-0.409,34.915
PG,343336222720,21.799704,6.532254,0.31562,0.015,-0.054,68.719
POOL,8373643264,20.959484,7.024658,0.33058998,-0.005,-0.129,129.513
PPG,25703274496,16.572872,3.231388,0.21077,0.05,,97.592
PLD,135266672640,40.87324,2.5376008,0.06844,0.083,0.652,59.828
PEG,40720982016,19.331755,2.3923755,0.12757,0.183,0.105,142.68
PRU,35374198784,10.175176,1.0903378,0.11359999,0.312,,124.482
PGR,118501769216,10.309415,3.702729,0.37903,0.087,0.098,26.174
PTC,16628516864,20.580267,4.3237724,0.23141001,0.214,1.044,35.942
QCOM,145467736064,27.459677,6.3398967,0.2148,0.05,-0.018,64.218
PSA,54281183232,34.357777,11.079184,0.18763,0.033,-0.193,109.763
PHM,24311672832,11.378597,1.8779126,0.17673999,-0.063,-0.421,18.453
PWR,90316136448,88.511765,10.072125,0.12739,0.197,0.026,71.102
DGX,21585707008,22.262556,2.9919305,0.14751,0.071,0.11,90.379
RL,23460659200,26.318369,8.116988,0.33846,0.122,0.249,98.972
RJF,29966057472,14.833823,2.3936841,0.17124,0.057,-0.024,46.262
RTX,264376270848,39.52113,4.040982,0.109519996,0.121,0.083,59.513
Q,28574410752,41.3,4.025103,0.079840004,0.081,-0.528,61.431
O,60693209088,55.632477,1.5414307,0.02702,0.11,0.412,73.505
REG,15127561216,28.698582,2.2092705,0.07683,0.089,1.419,69.389
REGN,79350120448,18.081669,2.4637287,0.14864999,0.025,-0.026,9.511
RSG,64157843456,30.315329,5.344211,0.18301001,0.022,0.074,115.348
RMD,33297829888,22.563799,5.2569475,0.25676,0.11,0.145,13.411
HOOD,81702985728,44.268295,8.948822,0.21993999,0.265,-0.345,136.04
RVTY,10505040896,45.611652,1.4550973,0.03216,0.059,0.125,46.869
RF,24031916032,11.672198,1.3799362,0.11895,0.073,0.216,
ROK,46741848064,47.62085,12.469406,0.23736,0.119,0.671,99.289
ROL,26509385728,50.458714,19.257704,0.38944,0.097,0.099,75.529
ROST,73687228416,34.46596,11.868098,0.36678,0.122,0.118,84.241
ROP,37305049088,25.505981,1.9433155,0.07929,0.097,-0.073,47.957
RCL,77854097408,18.27657,7.6915617,0.47731,0.133,0.371,215.09
CRM,168115224576,23.351282,2.8610475,0.123959996,0.121,0.179,29.947
STX,122709901312,61.7531,260.33743,,0.215,0.677,1046.623
SBAC,23666765824,22.769388,-4.8579454,,0.037,1.156,
SPGI,132239917056,30.209558,4.248414,0.13087,0.09,0.32,37.912
SLB,79049678848,22.408512,3.0160367,0.13904001,0.05,-0.286,45.975
SNDK,135939022848,,13.346326,-0.09372,0.612,6.18,7.96
SRE,61426323456,34.18909,1.9424415,0.051909998,-0.002,-0.482,83.385
NOW,101106360320,57.88024,7.808386,0.15488,0.207,0.034,18.536
SHW,85618565120,33.679337,18.50731,0.59391,0.056,0.014,306.061
SPG,78499995648,14.553987,12.978602,1.04109,0.132,3.581,435.463
SJM,10189307904,,1.9460406,-0.20683001,0.07,,143.204
SWKS,8872448000,22.601534,1.535758,0.06485,-0.031,-0.47,20.714
SW,22144487424,31.7594,1.2004775,0.03911,0.005,-0.33,81.007
SOLV,12227787776,7.9369373,2.4218268,0.38861,-0.037,1.008,103.941
SO,106541506560,24.109694,2.9370086,0.11043,0.101,-0.221,190.586
SNA,19795845120,19.805727,3.3250556,0.18327999,0.031,0.029,21.711
LUV,20979277824,54.050632,2.758398,0.04812,0.074,0.508,74.94
SWK,11078133760,26.920752,1.2215126,0.04522,-0.01,-0.193,70.024
STT,40535445504,14.764465,1.6714554,0.11261,-0.028,-0.241,
SBUX,113929994240,83.33333,-13.5795765,,0.055,-0.625,
SYK,131486154752,40.82283,5.857304,0.15079,0.114,0.559,72.971
SMCI,17149763584,20.846714,2.4464622,0.13193,1.234,0.192,75.28
STLD,29022842880,25.07134,3.2414765,0.13284001,0.14,0.347,49.077
STE,22160611328,31.447075,3.0959399,0.10468,0.092,0.121,28.651
TMUS,221095198720,20.31552,3.6958716,0.18177,0.113,-0.266,208.851
SYF,28215803904,8.441811,1.7508492,0.21304001,0.05,0.078,
SNPS,86122455040,68.95399,2.8175175,0.055430003,0.655,-0.82,35.579
SYY,36528037888,20.557951,15.999579,0.82345,0.03,-0.012,640.248
TROW,21148710912,10.495671,1.9517791,0.18791,0.06,0.036,3.891
TPR,31894667264,60.173748,57.318867,0.55337,0.14,0.942,715.475
TRGP,50621145088,27.705883,16.47775,0.51381,-0.079,0.745,548.63
TGT,57893056512,15.724477,3.5812533,0.24034001,-0.015,-0.05,125.518
TDY,29449918464,33.67744,2.793077,0.08926,0.073,0.391,25.13
TEL,72250826752,35.466858,5.5666375,0.16097,0.217,0.444,45.691
TER,59552075776,109.93642,21.23723,0.19734,0.439,0.814,10.131
TSLA,1503299239936,370.94443,18.295658,0.049250003,-0.031,-0.606,17.763
TXN,209242701824,42.16881,12.809052,0.30148,0.104,-0.032,90.819
TTWO,39264604160,,11.227959,-0.86217004,0.249,,100.449
TKO,14704024576,82.80444,3.8766932,0.056339998,0.119,,43.924
TJX,178429837312,32.99384,17.457626,0.59129,0.085,0.279,132.375
TXT,15955020800,17.892578,2.027757,0.12242,0.156,0.744,54.375
TPL,29133320192,60.628407,19.967867,0.37152,0.139,0.043,1.219
TMO,195695804416,29.667604,3.7096002,0.13024001,0.072,0.093,77.255
TDG,71488757760,40.651253,-7.7015457,,0.139,-0.129,
TTD,10695203840,24.966667,4.304598,0.16317,0.143,0.075,17.563
TSCO,23691071488,21.849514,9.1894655,0.45183998,0.033,-0.022,230.228
TT,105572155392,36.233635,12.2908325,0.36956,0.056,-0.005,63.247
TRV,63965646848,8.976724,1.9889973,0.25272,0.01,3.576,28.975
TFC,64691486720,13.23822,1.059235,0.08579001,0.052,0.253,
TYL,14727206912,47.6509,3.9898682,0.08901,0.063,0.011,17.355
TSN,22821758976,115.75,1.266263,0.012560001,0.051,-0.762,46.039
USB,88526151680,11.935011,1.516637,0.123500004,0.046,0.148,
TRMB,16208968704,39.36932,2.80186,0.07322,-0.014,0.805,26.749
UBER,158721916928,16.30444,5.8973775,0.39925998,0.201,-0.956,43.806
ULTA,24548251648,21.59875,8.717763,0.43595,0.118,-0.054,77.835
UDR,13282533376,31.221237,3.568683,0.09378,0.015,,144.726
UNP,149096366080,20.963272,8.0677185,0.40377,-0.006,0.068,177.733
UPS,90439188480,16.22561,5.5689845,0.33772,-0.032,0.046,175.884
UAL,33049307136,9.980392,2.154771,0.23987,0.048,0.081,203.089
UNH,294658801664,24.518883,3.1252286,0.12538,0.123,-0.999,81.618
URI,50155978752,20.620306,5.6014442,0.28357,0.028,-0.019,174.732
VLO,66877214720,29.583332,2.8180282,0.08299,-0.021,3.179,43.988
VLTO,22548789248,24.19681,7.2784004,0.36498,0.038,0.122,92.692
UHS,11142814720,7.8999567,1.5309274,0.21326,0.091,0.427,69.729
VRSN,25130383360,31.142044,-11.691053,,0.076,0.118,
VTR,40461914112,157.59259,3.2262955,0.0217,0.214,0.101,101.996
VRSK,24563312640,27.479939,79.74474,4.3794603,,,1581.795
VZ,196333191168,11.465517,1.8792894,0.17069,0.02,-0.533,174.78
VTRS,17093698560,,1.1487597,-0.21080999,0.05,,99.91
VRTX,112223518720,28.817766,6.003538,0.22541,0.095,0.329,10.908
VICI,31011371008,11.1149435,1.1154261,0.10217,0.038,-0.034,62.679
VRT,117587812352,90.12903,29.830145,0.41809,0.227,1.995,81.899
WRB,25396815872,15.017979,2.5982661,0.19700001,0.015,-0.218,31.921
V,611227074560,29.767136,15.824099,0.53954,0.146,0.174,54.612
VST,55339266048,75.32719,21.083452,0.17656,0.136,-0.523,399.55
VMC,38091603968,35.836605,4.4688706,0.12972,0.032,-0.138,57.785
GWW,55091982336,32.897877,14.760555,0.46098998,0.045,-0.02,69.114
WAB,44909109248,38.617302,4.0325522,0.11096,0.148,-0.038,53.021
WBD,68860928000,94.72414,1.8967065,0.02078,-0.057,,98.91
WMT,1016481316864,46.703297,10.199183,0.21847,0.056,-0.19,64.443
DIS,188493299712,15.653903,1.7402054,0.12024,0.052,-0.043,40.909
WFC,250332069888,12.58269,1.5304358,0.12028,0.057,0.151,
WM,90327048192,33.425373,9.032792,0.29696,0.071,0.236,239.385
WAT,32175699968,30.490232,7.6206083,0.29279,0.068,-0.031,60.282
WEC,37738815488,24.089397,2.770088,0.11576,0.111,-0.325,159.331
WELL,148317765632,149.30498,3.4804175,0.025390001,0.413,-0.263,49.488
WST,19730898944,40.313698,6.205482,0.16855,0.075,0.021,10.271
WDC,127364325376,35.209827,17.811138,0.41126,0.252,1.896,65.436
WY,18148642816,55.933334,1.9240178,0.03384,-0.098,-0.091,60.694
WSM,23647299584,22.476244,11.331698,0.51523995,-0.043,-0.073,69.957
WMB,87006273536,33.24766,6.80731,0.18555,0.087,0.508,197.026
WDAY,32567289856,47.810814,4.111222,0.08231,0.145,0.629,48.956
WTW,28140644352,18.316309,3.5481064,0.20076,-0.033,-0.382,85.755
WYNN,11386693632,34.773884,-40.62128,,0.015,-0.593,
XYL,29446856704,30.895409,2.5697007,0.08396,0.063,0.03,21.066
YUM,45000060928,29.33153,-6.1560273,,0.065,0.277,
ZBRA,11532010496,28.658922,3.2402658,0.116809994,0.106,-0.558,75.167
ZBH,18543896576,26.698591,1.4592764,0.05599,0.109,-0.408,61.971
XEL,50607071232,23.707602,2.141631,0.09358,0.141,0.208,152.832
ZTS,51659988992,20.328903,15.611685,0.65992,0.03,0.061,279.586
